"";"query";"significant";"p_value";"term_size";"query_size";"intersection_size";"precision";"recall";"term_id";"source";"term_name";"effective_domain_size";"source_order";"set"
"1";"query_1";TRUE;1,16899602792667e-06;5493;87;50;0,574712643678161;0,00910249408337885;"GO:0031323";"GO:BP";"regulation of cellular metabolic process";21110;7510;"Esophagus_-_Muscularis_female_9_community"
"2";"query_1";TRUE;0,000131468596499701;5836;87;48;0,551724137931034;0,00822481151473612;"GO:0080090";"GO:BP";"regulation of primary metabolic process";21110;18790;"Esophagus_-_Muscularis_female_9_community"
"3";"query_1";TRUE;0,000156942174912086;5662;87;47;0,540229885057471;0,00830095372659838;"GO:0051171";"GO:BP";"regulation of nitrogen compound metabolic process";21110;14316;"Esophagus_-_Muscularis_female_9_community"
"4";"query_1";TRUE;0,000169471088614512;3774;87;37;0,425287356321839;0,00980392156862745;"GO:0051252";"GO:BP";"regulation of RNA metabolic process";21110;14368;"Esophagus_-_Muscularis_female_9_community"
"5";"query_1";TRUE;0,000341086273785785;4055;87;38;0,436781609195402;0,0093711467324291;"GO:0034654";"GO:BP";"nucleobase-containing compound biosynthetic process";21110;9171;"Esophagus_-_Muscularis_female_9_community"
"6";"query_1";TRUE;0,000425605292175494;7345;87;54;0,620689655172414;0,00735194009530293;"GO:0019222";"GO:BP";"regulation of metabolic process";21110;5900;"Esophagus_-_Muscularis_female_9_community"
"7";"query_1";TRUE;0,000531937479072022;3585;87;35;0,402298850574713;0,0097629009762901;"GO:0006351";"GO:BP";"DNA-templated transcription";21110;2176;"Esophagus_-_Muscularis_female_9_community"
"8";"query_1";TRUE;0,000535658308401479;3586;87;35;0,402298850574713;0,00976017847183491;"GO:0097659";"GO:BP";"nucleic acid-templated transcription";21110;19768;"Esophagus_-_Muscularis_female_9_community"
"9";"query_1";TRUE;0,000554643618964847;4129;87;38;0,436781609195402;0,00920319689997578;"GO:0018130";"GO:BP";"heterocycle biosynthetic process";21110;5504;"Esophagus_-_Muscularis_female_9_community"
"10";"query_1";TRUE;0,000595539994564448;4140;87;38;0,436781609195402;0,00917874396135266;"GO:0019438";"GO:BP";"aromatic compound biosynthetic process";21110;6097;"Esophagus_-_Muscularis_female_9_community"
"11";"query_1";TRUE;0,000691863389526618;3623;87;35;0,402298850574713;0,009660502346122;"GO:0032774";"GO:BP";"RNA biosynthetic process";21110;8240;"Esophagus_-_Muscularis_female_9_community"
"12";"query_1";TRUE;0,00116191796910648;4061;87;37;0,425287356321839;0,00911105639005171;"GO:0019219";"GO:BP";"regulation of nucleobase-containing compound metabolic process";21110;5897;"Esophagus_-_Muscularis_female_9_community"
"13";"query_1";TRUE;0,00122609696099428;4824;87;41;0,471264367816092;0,00849917081260365;"GO:0009059";"GO:BP";"macromolecule biosynthetic process";21110;3311;"Esophagus_-_Muscularis_female_9_community"
"14";"query_1";TRUE;0,00149983800880999;4287;87;38;0,436781609195402;0,00886400746442734;"GO:1901362";"GO:BP";"organic cyclic compound biosynthetic process";21110;22388;"Esophagus_-_Muscularis_female_9_community"
"15";"query_1";TRUE;0,00162920988448832;2564;87;28;0,32183908045977;0,0109204368174727;"GO:0006357";"GO:BP";"regulation of transcription by RNA polymerase II";21110;2182;"Esophagus_-_Muscularis_female_9_community"
"16";"query_1";TRUE;0,00239557830753066;3455;87;33;0,379310344827586;0,00955137481910275;"GO:0006355";"GO:BP";"regulation of DNA-templated transcription";21110;2180;"Esophagus_-_Muscularis_female_9_community"
"17";"query_1";TRUE;0,00242778508304568;3457;87;33;0,379310344827586;0,00954584900202488;"GO:1903506";"GO:BP";"regulation of nucleic acid-templated transcription";21110;24157;"Esophagus_-_Muscularis_female_9_community"
"18";"query_1";TRUE;0,00282842570919049;3480;87;33;0,379310344827586;0,00948275862068966;"GO:2001141";"GO:BP";"regulation of RNA biosynthetic process";21110;27647;"Esophagus_-_Muscularis_female_9_community"
"19";"query_1";TRUE;0,00389518700174933;2677;87;28;0,32183908045977;0,0104594695554725;"GO:0006366";"GO:BP";"transcription by RNA polymerase II";21110;2189;"Esophagus_-_Muscularis_female_9_community"
"20";"query_1";TRUE;0,00499555205026409;4878;87;40;0,459770114942529;0,00820008200082001;"GO:0044271";"GO:BP";"cellular nitrogen compound biosynthetic process";21110;11584;"Esophagus_-_Muscularis_female_9_community"
"21";"query_1";TRUE;0,00593370150728886;3958;87;35;0,402298850574713;0,00884284992420414;"GO:0010556";"GO:BP";"regulation of macromolecule biosynthetic process";21110;4304;"Esophagus_-_Muscularis_female_9_community"
"22";"query_1";TRUE;0,0071651721310186;6816;87;49;0,563218390804598;0,00718896713615023;"GO:0060255";"GO:BP";"regulation of macromolecule metabolic process";21110;15305;"Esophagus_-_Muscularis_female_9_community"
"23";"query_1";TRUE;0,00721731578444854;4177;87;36;0,413793103448276;0,00861862580799617;"GO:0009889";"GO:BP";"regulation of biosynthetic process";21110;3827;"Esophagus_-_Muscularis_female_9_community"
"24";"query_1";TRUE;0,0110501814163944;4064;87;35;0,402298850574713;0,00861220472440945;"GO:0031326";"GO:BP";"regulation of cellular biosynthetic process";21110;7513;"Esophagus_-_Muscularis_female_9_community"
"25";"query_1";TRUE;0,0120839193203188;310;87;9;0,103448275862069;0,0290322580645161;"GO:0048511";"GO:BP";"rhythmic process";21110;13534;"Esophagus_-_Muscularis_female_9_community"
"26";"query_1";TRUE;0,0174346775384867;5521;87;42;0,482758620689655;0,00760731751494294;"GO:0044249";"GO:BP";"cellular biosynthetic process";21110;11577;"Esophagus_-_Muscularis_female_9_community"
"27";"query_1";TRUE;0,0204365008437773;5969;87;44;0,505747126436782;0,00737141899815714;"GO:0009058";"GO:BP";"biosynthetic process";21110;3310;"Esophagus_-_Muscularis_female_9_community"
"28";"query_1";TRUE;0,0307269152390612;2976;87;28;0,32183908045977;0,00940860215053763;"GO:0031325";"GO:BP";"positive regulation of cellular metabolic process";21110;7512;"Esophagus_-_Muscularis_female_9_community"
"29";"query_1";TRUE;0,0329099550841485;12;87;3;0,0344827586206897;0,25;"GO:1990440";"GO:BP";"positive regulation of transcription from RNA polymerase II promoter in response to endoplasmic reticulum stress";21110;26409;"Esophagus_-_Muscularis_female_9_community"
"30";"query_1";TRUE;0,037638527219368;77;87;5;0,0574712643678161;0,0649350649350649;"GO:0030968";"GO:BP";"endoplasmic reticulum unfolded protein response";21110;7351;"Esophagus_-_Muscularis_female_9_community"
"31";"query_1";TRUE;0,038112140781885;5894;87;43;0,494252873563218;0,00729555480149304;"GO:1901576";"GO:BP";"organic substance biosynthetic process";21110;22571;"Esophagus_-_Muscularis_female_9_community"
"32";"query_1";TRUE;0,0402790323275726;5491;87;41;0,471264367816092;0,0074667637953014;"GO:0010468";"GO:BP";"regulation of gene expression";21110;4251;"Esophagus_-_Muscularis_female_9_community"
"33";"query_1";TRUE;7,6963269297161e-08;4;89;4;0,0449438202247191;1;"GO:1990589";"GO:CC";"ATF4-CREB1 transcription factor complex";22122;3941;"Esophagus_-_Muscularis_female_9_community"
"34";"query_1";TRUE;2,16118652507095e-05;4203;89;39;0,438202247191011;0,0092790863668808;"GO:0005654";"GO:CC";"nucleoplasm";22122;252;"Esophagus_-_Muscularis_female_9_community"
"35";"query_1";TRUE;2,68722794875545e-05;257;89;10;0,112359550561798;0,0389105058365759;"GO:0090575";"GO:CC";"RNA polymerase II transcription regulator complex";22122;2866;"Esophagus_-_Muscularis_female_9_community"
"36";"query_1";TRUE;0,000384408958313573;523;89;12;0,134831460674157;0,0229445506692161;"GO:0005667";"GO:CC";"transcription regulator complex";22122;262;"Esophagus_-_Muscularis_female_9_community"
"37";"query_1";TRUE;0,0012577282205626;5499;89;42;0,471910112359551;0,00763775231860338;"GO:0031981";"GO:CC";"nuclear lumen";22122;1230;"Esophagus_-_Muscularis_female_9_community"
"38";"query_1";TRUE;0,00194644211906383;1939;89;22;0,247191011235955;0,0113460546673543;"GO:0005694";"GO:CC";"chromosome";22122;284;"Esophagus_-_Muscularis_female_9_community"
"39";"query_1";TRUE;0,002253798112214;1369;89;18;0,202247191011236;0,0131482834185537;"GO:0000785";"GO:CC";"chromatin";22122;92;"Esophagus_-_Muscularis_female_9_community"
"40";"query_1";TRUE;0,00503287814024004;2;89;2;0,0224719101123595;1;"GO:1990590";"GO:CC";"ATF1-ATF4 transcription factor complex";22122;3942;"Esophagus_-_Muscularis_female_9_community"
"41";"query_1";TRUE;0,0283546094025132;6635;89;44;0,49438202247191;0,00663149962321025;"GO:0070013";"GO:CC";"intracellular organelle lumen";22122;2406;"Esophagus_-_Muscularis_female_9_community"
"42";"query_1";TRUE;0,0283546094025132;6635;89;44;0,49438202247191;0,00663149962321025;"GO:0043233";"GO:CC";"organelle lumen";22122;1890;"Esophagus_-_Muscularis_female_9_community"
"43";"query_1";TRUE;0,0283546094025132;6635;89;44;0,49438202247191;0,00663149962321025;"GO:0031974";"GO:CC";"membrane-enclosed lumen";22122;1224;"Esophagus_-_Muscularis_female_9_community"
"44";"query_1";TRUE;0,0329819446682021;14642;89;75;0,842696629213483;0,00512225105859855;"GO:0043231";"GO:CC";"intracellular membrane-bounded organelle";22122;1888;"Esophagus_-_Muscularis_female_9_community"
"45";"query_1";TRUE;1,00454375334376e-12;17;87;8;0,0919540229885057;0,470588235294118;"GO:0035497";"GO:MF";"cAMP response element binding";20195;5361;"Esophagus_-_Muscularis_female_9_community"
"46";"query_1";TRUE;1,63606025777169e-07;10;87;5;0,0574712643678161;0,5;"GO:0008140";"GO:MF";"cAMP response element binding protein binding";20195;1580;"Esophagus_-_Muscularis_female_9_community"
"47";"query_1";TRUE;6,35445588843266e-05;1196;87;20;0,229885057471264;0,0167224080267559;"GO:0000978";"GO:MF";"RNA polymerase II cis-regulatory region sequence-specific DNA binding";20195;117;"Esophagus_-_Muscularis_female_9_community"
"48";"query_1";TRUE;8,30713351350297e-05;1216;87;20;0,229885057471264;0,0164473684210526;"GO:0000987";"GO:MF";"cis-regulatory region sequence-specific DNA binding";20195;120;"Esophagus_-_Muscularis_female_9_community"
"49";"query_1";TRUE;0,000200357678444046;1672;87;23;0,264367816091954;0,013755980861244;"GO:0043565";"GO:MF";"sequence-specific DNA binding";20195;5822;"Esophagus_-_Muscularis_female_9_community"
"50";"query_1";TRUE;0,00020224761093356;1411;87;21;0,241379310344828;0,0148830616583983;"GO:0000977";"GO:MF";"RNA polymerase II transcription regulatory region sequence-specific DNA binding";20195;116;"Esophagus_-_Muscularis_female_9_community"
"51";"query_1";TRUE;0,000211904797522438;1415;87;21;0,241379310344828;0,0148409893992933;"GO:0003700";"GO:MF";"DNA-binding transcription factor activity";20195;338;"Esophagus_-_Muscularis_female_9_community"
"52";"query_1";TRUE;0,000513511265199402;1364;87;20;0,229885057471264;0,0146627565982405;"GO:0000981";"GO:MF";"DNA-binding transcription factor activity, RNA polymerase II-specific";20195;119;"Esophagus_-_Muscularis_female_9_community"
"53";"query_1";TRUE;0,000598238669356574;1508;87;21;0,241379310344828;0,0139257294429708;"GO:0000976";"GO:MF";"transcription cis-regulatory region binding";20195;115;"Esophagus_-_Muscularis_female_9_community"
"54";"query_1";TRUE;0,000611167028717782;1510;87;21;0,241379310344828;0,0139072847682119;"GO:0001067";"GO:MF";"transcription regulatory region nucleic acid binding";20195;151;"Esophagus_-_Muscularis_female_9_community"
"55";"query_1";TRUE;0,000768410678912993;1667;87;22;0,252873563218391;0,0131973605278944;"GO:0003690";"GO:MF";"double-stranded DNA binding";20195;332;"Esophagus_-_Muscularis_female_9_community"
"56";"query_1";TRUE;0,00109555327987464;1566;87;21;0,241379310344828;0,0134099616858238;"GO:1990837";"GO:MF";"sequence-specific double-stranded DNA binding";20195;11218;"Esophagus_-_Muscularis_female_9_community"
"57";"query_1";TRUE;0,00250674882014588;1936;87;23;0,264367816091954;0,0118801652892562;"GO:0140110";"GO:MF";"transcription regulator activity";20195;10583;"Esophagus_-_Muscularis_female_9_community"
"58";"query_1";TRUE;0,00684477748650828;2524;87;26;0,298850574712644;0,0103011093502377;"GO:0003677";"GO:MF";"DNA binding";20195;324;"Esophagus_-_Muscularis_female_9_community"
"59";"query_1";TRUE;0,0125565390389514;2136;87;23;0,264367816091954;0,0107677902621723;"GO:0042802";"GO:MF";"identical protein binding";20195;5683;"Esophagus_-_Muscularis_female_9_community"
"60";"query_1";TRUE;0,0173938831967608;471;87;10;0,114942528735632;0,0212314225053079;"GO:0001228";"GO:MF";"DNA-binding transcription activator activity, RNA polymerase II-specific";20195;185;"Esophagus_-_Muscularis_female_9_community"
"61";"query_1";TRUE;0,0186814163865099;475;87;10;0,114942528735632;0,0210526315789474;"GO:0001216";"GO:MF";"DNA-binding transcription activator activity";20195;179;"Esophagus_-_Muscularis_female_9_community"
"62";"query_1";TRUE;0,0211037092977569;7048;51;45;0,882352941176471;0,00638479001135074;"HPA:0160000";"HPA";"endometrium 1";11006;306;"Esophagus_-_Muscularis_female_9_community"
"63";"query_1";TRUE;0,0260741648879274;6811;51;44;0,862745098039216;0,00646013801203935;"HPA:0160051";"HPA";"endometrium 1; glandular cells[â‰¥Low]";11006;310;"Esophagus_-_Muscularis_female_9_community"
"64";"query_1";TRUE;8,8275662836696e-09;49;43;8;0,186046511627907;0,163265306122449;"KEGG:05030";"KEGG";"Cocaine addiction";8161;411;"Esophagus_-_Muscularis_female_9_community"
"65";"query_1";TRUE;1,51584878440024e-07;69;43;8;0,186046511627907;0,115942028985507;"KEGG:05031";"KEGG";"Amphetamine addiction";8161;412;"Esophagus_-_Muscularis_female_9_community"
"66";"query_1";TRUE;2,62020259486855e-05;132;43;8;0,186046511627907;0,0606060606060606;"KEGG:04728";"KEGG";"Dopaminergic synapse";8161;352;"Esophagus_-_Muscularis_female_9_community"
"67";"query_1";TRUE;2,89913994136949e-05;185;43;9;0,209302325581395;0,0486486486486487;"KEGG:05034";"KEGG";"Alcoholism";8161;415;"Esophagus_-_Muscularis_female_9_community"
"68";"query_1";TRUE;5,04185022136433e-05;98;43;7;0,162790697674419;0,0714285714285714;"KEGG:04925";"KEGG";"Aldosterone synthesis and secretion";8161;375;"Esophagus_-_Muscularis_female_9_community"
"69";"query_1";TRUE;6,83646862204127e-05;64;43;6;0,13953488372093;0,09375;"KEGG:04927";"KEGG";"Cortisol synthesis and secretion";8161;377;"Esophagus_-_Muscularis_female_9_community"
"70";"query_1";TRUE;9,17648477381034e-05;107;43;7;0,162790697674419;0,0654205607476635;"KEGG:04922";"KEGG";"Glucagon signaling pathway";8161;372;"Esophagus_-_Muscularis_female_9_community"
"71";"query_1";TRUE;0,000175893297145483;75;43;6;0,13953488372093;0,08;"KEGG:04918";"KEGG";"Thyroid hormone synthesis";8161;368;"Esophagus_-_Muscularis_female_9_community"
"72";"query_1";TRUE;0,000393434212654687;86;43;6;0,13953488372093;0,0697674418604651;"KEGG:04911";"KEGG";"Insulin secretion";8161;361;"Esophagus_-_Muscularis_female_9_community"
"73";"query_1";TRUE;0,000480619197240292;89;43;6;0,13953488372093;0,0674157303370786;"KEGG:04211";"KEGG";"Longevity regulating pathway";8161;282;"Esophagus_-_Muscularis_female_9_community"
"74";"query_1";TRUE;0,000603057505485715;200;43;8;0,186046511627907;0,04;"KEGG:05203";"KEGG";"Viral carcinogenesis";8161;448;"Esophagus_-_Muscularis_female_9_community"
"75";"query_1";TRUE;0,000996854238596659;153;43;7;0,162790697674419;0,0457516339869281;"KEGG:04934";"KEGG";"Cushing syndrome";8161;384;"Esophagus_-_Muscularis_female_9_community"
"76";"query_1";TRUE;0,00104026365672377;154;43;7;0,162790697674419;0,0454545454545455;"KEGG:04261";"KEGG";"Adrenergic signaling in cardiomyocytes";8161;291;"Esophagus_-_Muscularis_female_9_community"
"77";"query_1";TRUE;0,00117261622782788;219;43;8;0,186046511627907;0,0365296803652968;"KEGG:05166";"KEGG";"Human T-cell leukemia virus 1 infection";8161;440;"Esophagus_-_Muscularis_female_9_community"
"78";"query_1";TRUE;0,00125044324450018;105;43;6;0,13953488372093;0,0571428571428571;"KEGG:04928";"KEGG";"Parathyroid hormone synthesis, secretion and action";8161;378;"Esophagus_-_Muscularis_female_9_community"
"79";"query_1";TRUE;0,00190272987098375;113;43;6;0,13953488372093;0,0530973451327434;"KEGG:04668";"KEGG";"TNF signaling pathway";8161;336;"Esophagus_-_Muscularis_female_9_community"
"80";"query_1";TRUE;0,00267666081394914;120;43;6;0,13953488372093;0,05;"KEGG:04935";"KEGG";"Growth hormone synthesis, secretion and action";8161;385;"Esophagus_-_Muscularis_female_9_community"
"81";"query_1";TRUE;0,00402419909541565;129;43;6;0,13953488372093;0,0465116279069767;"KEGG:04926";"KEGG";"Relaxin signaling pathway";8161;376;"Esophagus_-_Muscularis_female_9_community"
"82";"query_1";TRUE;0,0056353965612121;137;43;6;0,13953488372093;0,0437956204379562;"KEGG:04915";"KEGG";"Estrogen signaling pathway";8161;365;"Esophagus_-_Muscularis_female_9_community"
"83";"query_1";TRUE;0,00597784557027782;44;43;4;0,0930232558139535;0,0909090909090909;"KEGG:04962";"KEGG";"Vasopressin-regulated water reabsorption";8161;391;"Esophagus_-_Muscularis_female_9_community"
"84";"query_1";TRUE;0,0110577486959532;97;43;5;0,116279069767442;0,0515463917525773;"KEGG:05215";"KEGG";"Prostate cancer";8161;459;"Esophagus_-_Muscularis_female_9_community"
"85";"query_1";TRUE;0,0137435036558049;161;43;6;0,13953488372093;0,0372670807453416;"KEGG:05161";"KEGG";"Hepatitis B";8161;435;"Esophagus_-_Muscularis_female_9_community"
"86";"query_1";TRUE;0,0162386921341013;166;43;6;0,13953488372093;0,036144578313253;"KEGG:04022";"KEGG";"cGMP-PKG signaling pathway";8161;246;"Esophagus_-_Muscularis_female_9_community"
"87";"query_1";TRUE;0,0226324096198791;113;43;5;0,116279069767442;0,0442477876106195;"KEGG:04725";"KEGG";"Cholinergic synapse";8161;349;"Esophagus_-_Muscularis_female_9_community"
"88";"query_1";TRUE;0,0326834314086918;266;43;7;0,162790697674419;0,0263157894736842;"KEGG:05012";"KEGG";"Parkinson disease";8161;405;"Esophagus_-_Muscularis_female_9_community"
"89";"query_1";TRUE;0,0373866983162185;272;43;7;0,162790697674419;0,0257352941176471;"KEGG:05020";"KEGG";"Prion disease";8161;409;"Esophagus_-_Muscularis_female_9_community"
"90";"query_1";TRUE;7,5679147832089e-72;753;89;66;0,741573033707865;0,0876494023904383;"TF:M11304_1";"TF";"Factor: batf3; motif: NRTGAYGTCAYN; match class: 1";20011;447;"Esophagus_-_Muscularis_female_9_community"
"91";"query_1";TRUE;1,12337814021119e-71;914;89;69;0,775280898876405;0,075492341356674;"TF:M11277_1";"TF";"Factor: XBP-1; motif: NNTGACGTCAYN; match class: 1";20011;9003;"Esophagus_-_Muscularis_female_9_community"
"92";"query_1";TRUE;2,03215762988234e-71;764;89;66;0,741573033707865;0,0863874345549738;"TF:M11254_1";"TF";"Factor: AIBZIP; motif: GRTGAYGTCAYC; match class: 1";20011;1023;"Esophagus_-_Muscularis_female_9_community"
"93";"query_1";TRUE;2,42800753678644e-71;766;89;66;0,741573033707865;0,0861618798955614;"TF:M11305";"TF";"Factor: batf3; motif: NRTGACGTCAYN";20011;448;"Esophagus_-_Muscularis_female_9_community"
"94";"query_1";TRUE;2,42800753678644e-71;766;89;66;0,741573033707865;0,0861618798955614;"TF:M11305_1";"TF";"Factor: batf3; motif: NRTGACGTCAYN; match class: 1";20011;449;"Esophagus_-_Muscularis_female_9_community"
"95";"query_1";TRUE;1,6657886865362e-70;788;89;66;0,741573033707865;0,083756345177665;"TF:M11251_1";"TF";"Factor: Luman; motif: NRTGACGTCAYN; match class: 1";20011;1045;"Esophagus_-_Muscularis_female_9_community"
"96";"query_1";TRUE;2,1565035398968e-70;791;89;66;0,741573033707865;0,0834386852085967;"TF:M11304";"TF";"Factor: batf3; motif: NRTGAYGTCAYN";20011;446;"Esophagus_-_Muscularis_female_9_community"
"97";"query_1";TRUE;3,11849441478961e-70;847;89;67;0,752808988764045;0,0791027154663518;"TF:M11226_1";"TF";"Factor: ATF-6; motif: GRTGACGTCAYC; match class: 1";20011;355;"Esophagus_-_Muscularis_female_9_community"
"98";"query_1";TRUE;4,65005617153056e-70;800;89;66;0,741573033707865;0,0825;"TF:M11251";"TF";"Factor: Luman; motif: NRTGACGTCAYN";20011;1044;"Esophagus_-_Muscularis_female_9_community"
"99";"query_1";TRUE;1,96724720278285e-69;870;89;67;0,752808988764045;0,0770114942528736;"TF:M11226";"TF";"Factor: ATF-6; motif: GRTGACGTCAYC";20011;354;"Esophagus_-_Muscularis_female_9_community"
"100";"query_1";TRUE;6,87475196973563e-69;886;89;67;0,752808988764045;0,0756207674943567;"TF:M11298_1";"TF";"Factor: jdp2; motif: NRTGACGTCAYN; match class: 1";20011;4441;"Esophagus_-_Muscularis_female_9_community"
"101";"query_1";TRUE;6,8847543819841e-69;1001;89;69;0,775280898876405;0,0689310689310689;"TF:M11277";"TF";"Factor: XBP-1; motif: NNTGACGTCAYN";20011;9002;"Esophagus_-_Muscularis_female_9_community"
"102";"query_1";TRUE;7,38625533023339e-69;1002;89;69;0,775280898876405;0,0688622754491018;"TF:M11257";"TF";"Factor: AIBZIP; motif: NRTGACGTCAYN";20011;1028;"Esophagus_-_Muscularis_female_9_community"
"103";"query_1";TRUE;3,06502957065349e-68;851;89;66;0,741573033707865;0,0775558166862515;"TF:M12700_1";"TF";"Factor: ZNF295; motif: RTGACGTCAN; match class: 1";20011;9891;"Esophagus_-_Muscularis_female_9_community"
"104";"query_1";TRUE;7,90091804911578e-68;863;89;66;0,741573033707865;0,0764774044032445;"TF:M11231_1";"TF";"Factor: CREBL1; motif: GRTGACGTCAYC; match class: 1";20011;345;"Esophagus_-_Muscularis_female_9_community"
"105";"query_1";TRUE;1,05427097818315e-67;922;89;67;0,752808988764045;0,0726681127982646;"TF:M11257_1";"TF";"Factor: AIBZIP; motif: NRTGACGTCAYN; match class: 1";20011;1029;"Esophagus_-_Muscularis_female_9_community"
"106";"query_1";TRUE;2,00873338838721e-67;875;89;66;0,741573033707865;0,0754285714285714;"TF:M02279_1";"TF";"Factor: CREB1; motif: TGACGTCA; match class: 1";20011;959;"Esophagus_-_Muscularis_female_9_community"
"107";"query_1";TRUE;3,50026426732647e-67;638;89;61;0,685393258426966;0,0956112852664577;"TF:M11303";"TF";"Factor: batf3; motif: GRTGACGTCATC";20011;444;"Esophagus_-_Muscularis_female_9_community"
"108";"query_1";TRUE;4,57877460335048e-67;942;89;67;0,752808988764045;0,0711252653927813;"TF:M11275_1";"TF";"Factor: XBP-1; motif: SRTGAYGTCAYS; match class: 1";20011;8999;"Esophagus_-_Muscularis_female_9_community"
"109";"query_1";TRUE;6,49611870749697e-66;1040;89;68;0,764044943820225;0,0653846153846154;"TF:M11306_1";"TF";"Factor: ATF-2; motif: NRTGAYGTMAYN; match class: 1";20011;281;"Esophagus_-_Muscularis_female_9_community"
"110";"query_1";TRUE;1,18873872790601e-65;988;89;67;0,752808988764045;0,0678137651821862;"TF:M11296_1";"TF";"Factor: jdp2; motif: NRTGAYGTCAYN; match class: 1";20011;4437;"Esophagus_-_Muscularis_female_9_community"
"111";"query_1";TRUE;1,00115291257306e-64;1082;89;68;0,764044943820225;0,0628465804066543;"TF:M11231";"TF";"Factor: CREBL1; motif: GRTGACGTCAYC";20011;344;"Esophagus_-_Muscularis_female_9_community"
"112";"query_1";TRUE;3,01166705737121e-64;1036;89;67;0,752808988764045;0,0646718146718147;"TF:M01862_1";"TF";"Factor: ATF-2; motif: NNNTGACGTNAN; match class: 1";20011;293;"Esophagus_-_Muscularis_female_9_community"
"113";"query_1";TRUE;5,78926350857358e-64;1046;89;67;0,752808988764045;0,0640535372848948;"TF:M11224_1";"TF";"Factor: CREM; motif: NRTGATGTCAYN; match class: 1";20011;1085;"Esophagus_-_Muscularis_female_9_community"
"114";"query_1";TRUE;3,5744143608882e-63;603;89;58;0,651685393258427;0,0961857379767828;"TF:M11303_1";"TF";"Factor: batf3; motif: GRTGACGTCATC; match class: 1";20011;445;"Esophagus_-_Muscularis_female_9_community"
"115";"query_1";TRUE;7,52384711169384e-63;1152;89;68;0,764044943820225;0,0590277777777778;"TF:M00338_1";"TF";"Factor: ATF; motif: NTGACGTCANYS; match class: 1";20011;371;"Esophagus_-_Muscularis_female_9_community"
"116";"query_1";TRUE;1,99992150454576e-62;1102;89;67;0,752808988764045;0,0607985480943739;"TF:M11222_1";"TF";"Factor: CREB1; motif: NRTGAYGTCAYN; match class: 1";20011;981;"Esophagus_-_Muscularis_female_9_community"
"117";"query_1";TRUE;3,13654468974264e-62;1246;89;69;0,775280898876405;0,0553772070626003;"TF:M00041_1";"TF";"Factor: ATF2:c-Jun; motif: TGACGTYA; match class: 1";20011;1059;"Esophagus_-_Muscularis_female_9_community"
"118";"query_1";TRUE;5,00187329570057e-62;1117;89;67;0,752808988764045;0,0599820948970457;"TF:M12486_1";"TF";"Factor: CREB1; motif: NNNTGATGTCANN; match class: 1";20011;985;"Esophagus_-_Muscularis_female_9_community"
"119";"query_1";TRUE;8,81776743262932e-62;1194;89;68;0,764044943820225;0,0569514237855946;"TF:M07312_1";"TF";"Factor: ATF-2; motif: NNTGACGTCAN; match class: 1";20011;295;"Esophagus_-_Muscularis_female_9_community"
"120";"query_1";TRUE;3,86775227534275e-61;1220;89;68;0,764044943820225;0,0557377049180328;"TF:M03544_1";"TF";"Factor: CREB1; motif: NNNNACGTCANN; match class: 1";20011;991;"Esophagus_-_Muscularis_female_9_community"
"121";"query_1";TRUE;6,77020645887919e-61;1230;89;68;0,764044943820225;0,0552845528455285;"TF:M11308_1";"TF";"Factor: ATF-2; motif: NRTGAYGTMAYN; match class: 1";20011;285;"Esophagus_-_Muscularis_female_9_community"
"122";"query_1";TRUE;1,17944607615322e-60;1240;89;68;0,764044943820225;0,0548387096774194;"TF:M07248_1";"TF";"Factor: CREB1; motif: NNNNTGACGTNANNN; match class: 1";20011;989;"Esophagus_-_Muscularis_female_9_community"
"123";"query_1";TRUE;1,36591701086849e-60;981;89;64;0,719101123595506;0,0652395514780836;"TF:M09866_1";"TF";"Factor: ATF-1; motif: NNRTGACGYMA; match class: 1";20011;271;"Esophagus_-_Muscularis_female_9_community"
"124";"query_1";TRUE;6,05722464462629e-60;1344;89;69;0,775280898876405;0,0513392857142857;"TF:M12700";"TF";"Factor: ZNF295; motif: RTGACGTCAN";20011;9890;"Esophagus_-_Muscularis_female_9_community"
"125";"query_1";TRUE;6,40090935741345e-60;1271;89;68;0,764044943820225;0,0535011801730921;"TF:M12581_1";"TF";"Factor: ATF2; motif: NTGACRTCAYC; match class: 1";20011;291;"Esophagus_-_Muscularis_female_9_community"
"126";"query_1";TRUE;8,94109682352383e-60;1206;89;67;0,752808988764045;0,0555555555555556;"TF:M07034_1";"TF";"Factor: ATF-1; motif: NNNTGACGTNNN; match class: 1";20011;273;"Esophagus_-_Muscularis_female_9_community"
"127";"query_1";TRUE;9,83453521771643e-60;1279;89;68;0,764044943820225;0,0531665363565285;"TF:M09592_1";"TF";"Factor: ATF-1; motif: NRTGACGTMAN; match class: 1";20011;269;"Esophagus_-_Muscularis_female_9_community"
"128";"query_1";TRUE;3,06010290713574e-59;1159;89;66;0,741573033707865;0,0569456427955134;"TF:M11254";"TF";"Factor: AIBZIP; motif: GRTGAYGTCAYC";20011;1022;"Esophagus_-_Muscularis_female_9_community"
"129";"query_1";TRUE;3,98314481050781e-59;1233;89;67;0,752808988764045;0,0543390105433901;"TF:M11216_1";"TF";"Factor: CREB1; motif: NRTGATGTCAYN; match class: 1";20011;969;"Esophagus_-_Muscularis_female_9_community"
"130";"query_1";TRUE;1,80927855276662e-58;1261;89;67;0,752808988764045;0,0531324345757335;"TF:M01864_1";"TF";"Factor: ATF-4; motif: KACGTCAKS; match class: 1";20011;339;"Esophagus_-_Muscularis_female_9_community"
"131";"query_1";TRUE;3,64598763741989e-57;1557;89;70;0,786516853932584;0,0449582530507386;"TF:M00178_1";"TF";"Factor: CREB; motif: NSTGACGTMANN; match class: 1";20011;1075;"Esophagus_-_Muscularis_female_9_community"
"132";"query_1";TRUE;1,56780976961762e-56;1202;89;65;0,730337078651685;0,0540765391014975;"TF:M09867_1";"TF";"Factor: ATF-2; motif: RRTGANGTCAY; match class: 1";20011;279;"Esophagus_-_Muscularis_female_9_community"
"133";"query_1";TRUE;2,40370811115912e-56;1515;89;69;0,775280898876405;0,0455445544554455;"TF:M00039_1";"TF";"Factor: CREB; motif: TGACGTMA; match class: 1";20011;1065;"Esophagus_-_Muscularis_female_9_community"
"134";"query_1";TRUE;7,20506731411412e-56;1904;89;73;0,820224719101124;0,0383403361344538;"TF:M01863";"TF";"Factor: ATF-3; motif: RTKRCGTCANN";20011;312;"Esophagus_-_Muscularis_female_9_community"
"135";"query_1";TRUE;5,30951575811529e-55;1672;89;70;0,786516853932584;0,041866028708134;"TF:M11289_1";"TF";"Factor: ATF-3; motif: NRTGACGTCAYN; match class: 1";20011;303;"Esophagus_-_Muscularis_female_9_community"
"136";"query_1";TRUE;7,00707479692496e-55;1591;89;69;0,775280898876405;0,0433689503456945;"TF:M09600_1";"TF";"Factor: CREB1; motif: TKACGTCAYNN; match class: 1";20011;961;"Esophagus_-_Muscularis_female_9_community"
"137";"query_1";TRUE;2,64238061191517e-54;1622;89;69;0,775280898876405;0,0425400739827374;"TF:M00917_1";"TF";"Factor: CREB; motif: CNNTGACGTMA; match class: 1";20011;1077;"Esophagus_-_Muscularis_female_9_community"
"138";"query_1";TRUE;3,12992263392127e-54;1626;89;69;0,775280898876405;0,0424354243542435;"TF:M11298";"TF";"Factor: jdp2; motif: NRTGACGTCAYN";20011;4440;"Esophagus_-_Muscularis_female_9_community"
"139";"query_1";TRUE;3,70580163450557e-54;1630;89;69;0,775280898876405;0,0423312883435583;"TF:M11288_1";"TF";"Factor: ATF-3; motif: GATGAYGTCATN; match class: 1";20011;301;"Esophagus_-_Muscularis_female_9_community"
"140";"query_1";TRUE;5,49704983950856e-54;1729;89;70;0,786516853932584;0,0404858299595142;"TF:M00916_1";"TF";"Factor: CREB; motif: NNTKACGTCANNNS; match class: 1";20011;1071;"Esophagus_-_Muscularis_female_9_community"
"141";"query_1";TRUE;6,84894521891687e-54;1396;89;66;0,741573033707865;0,0472779369627507;"TF:M00177_1";"TF";"Factor: CREB; motif: NSTGACGTAANN; match class: 1";20011;1069;"Esophagus_-_Muscularis_female_9_community"
"142";"query_1";TRUE;9,64003385337452e-54;1743;89;70;0,786516853932584;0,0401606425702811;"TF:M11220_1";"TF";"Factor: CREB1; motif: NNTGACGTCANN; match class: 1";20011;977;"Esophagus_-_Muscularis_female_9_community"
"143";"query_1";TRUE;1,55434408869329e-53;1755;89;70;0,786516853932584;0,0398860398860399;"TF:M11220";"TF";"Factor: CREB1; motif: NNTGACGTCANN";20011;976;"Esophagus_-_Muscularis_female_9_community"
"144";"query_1";TRUE;2,0506160488106e-53;1762;89;70;0,786516853932584;0,039727582292849;"TF:M02279";"TF";"Factor: CREB1; motif: TGACGTCA";20011;958;"Esophagus_-_Muscularis_female_9_community"
"145";"query_1";TRUE;3,03391676785577e-53;1867;89;71;0,797752808988764;0,0380289234065345;"TF:M09887_1";"TF";"Factor: CREB1; motif: NRRTGACGTMA; match class: 1";20011;967;"Esophagus_-_Muscularis_female_9_community"
"146";"query_1";TRUE;1,43586947641571e-52;1812;89;70;0,786516853932584;0,0386313465783664;"TF:M00179_1";"TF";"Factor: ATF2; motif: VGTGACGTMACN; match class: 1";20011;1063;"Esophagus_-_Muscularis_female_9_community"
"147";"query_1";TRUE;2,43641494919516e-52;1923;89;71;0,797752808988764;0,0369214768590744;"TF:M01861_1";"TF";"Factor: ATF-1; motif: TNACGTCAN; match class: 1";20011;277;"Esophagus_-_Muscularis_female_9_community"
"148";"query_1";TRUE;2,73591631464517e-52;2133;89;73;0,820224719101124;0,0342240975152368;"TF:M11228_1";"TF";"Factor: ATF-6; motif: GRTGACGTCAYC; match class: 1";20011;359;"Esophagus_-_Muscularis_female_9_community"
"149";"query_1";TRUE;2,82043040400695e-52;1927;89;71;0,797752808988764;0,0368448365334717;"TF:M01820_1";"TF";"Factor: CREM; motif: TGACGTCASYN; match class: 1";20011;1093;"Esophagus_-_Muscularis_female_9_community"
"150";"query_1";TRUE;5,19770380022493e-52;2152;89;73;0,820224719101124;0,0339219330855019;"TF:M11228";"TF";"Factor: ATF-6; motif: GRTGACGTCAYC";20011;358;"Esophagus_-_Muscularis_female_9_community"
"151";"query_1";TRUE;8,79498897212028e-52;2279;89;74;0,831460674157303;0,03247038174638;"TF:M00017_1";"TF";"Factor: ATF; motif: CNSTGACGTNNNYC; match class: 1";20011;369;"Esophagus_-_Muscularis_female_9_community"
"152";"query_1";TRUE;3,2466336363795e-51;2099;89;72;0,808988764044944;0,0343020485945688;"TF:M12592_1";"TF";"Factor: CREM; motif: NRTGACGYMA; match class: 1";20011;1091;"Esophagus_-_Muscularis_female_9_community"
"153";"query_1";TRUE;5,4309965398083e-51;1631;89;67;0,752808988764045;0,0410790925812385;"TF:M08930_1";"TF";"Factor: JUND:FRA-1; motif: RTGACGTMAY; match class: 1";20011;4477;"Esophagus_-_Muscularis_female_9_community"
"154";"query_1";TRUE;1,0887233008979e-50;1738;89;68;0,764044943820225;0,0391254315304948;"TF:M04681_1";"TF";"Factor: JunD; motif: RTGACGTCA; match class: 1";20011;4481;"Esophagus_-_Muscularis_female_9_community"
"155";"query_1";TRUE;2,11466318930415e-50;2049;89;71;0,797752808988764;0,0346510492923377;"TF:M11313_1";"TF";"Factor: CREBPA; motif: NRTGACGTMANN; match class: 1";20011;1051;"Esophagus_-_Muscularis_female_9_community"
"156";"query_1";TRUE;6,4926759514741e-50;1979;89;70;0,786516853932584;0,0353713996968166;"TF:M11307_1";"TF";"Factor: ATF-2; motif: NNTGACGTMANN; match class: 1";20011;283;"Esophagus_-_Muscularis_female_9_community"
"157";"query_1";TRUE;1,44312718137092e-48;1869;89;68;0,764044943820225;0,0363830925628678;"TF:M11290_1";"TF";"Factor: ATF-3; motif: NATGATGTCATN; match class: 1";20011;305;"Esophagus_-_Muscularis_female_9_community"
"158";"query_1";TRUE;6,18692030988117e-48;1910;89;68;0,764044943820225;0,0356020942408377;"TF:M12541_1";"TF";"Factor: CREM; motif: NNNGTGACGTCACNNN; match class: 1";20011;1089;"Esophagus_-_Muscularis_female_9_community"
"159";"query_1";TRUE;8,86261963748646e-48;2125;89;70;0,786516853932584;0,0329411764705882;"TF:M11307";"TF";"Factor: ATF-2; motif: NNTGACGTMANN";20011;282;"Esophagus_-_Muscularis_female_9_community"
"160";"query_1";TRUE;1,2335913480498e-47;2244;89;71;0,797752808988764;0,0316399286987522;"TF:M11335_1";"TF";"Factor: ATF-4; motif: GGATGACGTCATCC; match class: 1";20011;327;"Esophagus_-_Muscularis_female_9_community"
"161";"query_1";TRUE;2,16203300534841e-47;1946;89;68;0,764044943820225;0,0349434737923947;"TF:M12541";"TF";"Factor: CREM; motif: NNNGTGACGTCACNNN";20011;1088;"Esophagus_-_Muscularis_female_9_community"
"162";"query_1";TRUE;1,55802146927102e-46;2327;89;71;0,797752808988764;0,0305113880532875;"TF:M11335";"TF";"Factor: ATF-4; motif: GGATGACGTCATCC";20011;326;"Esophagus_-_Muscularis_female_9_community"
"163";"query_1";TRUE;2,29787757045618e-46;2340;89;71;0,797752808988764;0,0303418803418803;"TF:M11309_1";"TF";"Factor: ATF-2; motif: NRTGACGTMANN; match class: 1";20011;287;"Esophagus_-_Muscularis_female_9_community"
"164";"query_1";TRUE;4,32114064487105e-45;2815;89;74;0,831460674157303;0,0262877442273535;"TF:M11223_1";"TF";"Factor: CREB1; motif: NRTGACGTCANN; match class: 1";20011;983;"Esophagus_-_Muscularis_female_9_community"
"165";"query_1";TRUE;7,67846538951993e-44;2929;89;74;0,831460674157303;0,0252645954250597;"TF:M11223";"TF";"Factor: CREB1; motif: NRTGACGTCANN";20011;982;"Esophagus_-_Muscularis_female_9_community"
"166";"query_1";TRUE;1,22140085392872e-42;2525;89;70;0,786516853932584;0,0277227722772277;"TF:M11225_1";"TF";"Factor: CREM; motif: NNTGACGTCANN; match class: 1";20011;1087;"Esophagus_-_Muscularis_female_9_community"
"167";"query_1";TRUE;1,41552360782263e-41;3294;89;75;0,842696629213483;0,0227686703096539;"TF:M01862";"TF";"Factor: ATF-2; motif: NNNTGACGTNAN";20011;292;"Esophagus_-_Muscularis_female_9_community"
"168";"query_1";TRUE;9,69291188455552e-41;2953;89;72;0,808988764044944;0,0243819844226211;"TF:M00981_1";"TF";"Factor: CREB,; motif: NTGACGTNA; match class: 1";20011;1057;"Esophagus_-_Muscularis_female_9_community"
"169";"query_1";TRUE;4,85615808252997e-40;2757;89;70;0,786516853932584;0,0253899165759884;"TF:M11225";"TF";"Factor: CREM; motif: NNTGACGTCANN";20011;1086;"Esophagus_-_Muscularis_female_9_community"
"170";"query_1";TRUE;8,18578280209793e-40;3185;89;73;0,820224719101124;0,0229199372056515;"TF:M09866";"TF";"Factor: ATF-1; motif: NNRTGACGYMA";20011;270;"Esophagus_-_Muscularis_female_9_community"
"171";"query_1";TRUE;1,99457132418628e-39;2815;89;70;0,786516853932584;0,024866785079929;"TF:M11217";"TF";"Factor: CREB1; motif: NRTGACGYN";20011;970;"Esophagus_-_Muscularis_female_9_community"
"172";"query_1";TRUE;6,88954617713805e-39;2738;89;69;0,775280898876405;0,0252008765522279;"TF:M08947_1";"TF";"Factor: C-FOS; motif: NNNKATGACGTCATNNN; match class: 1";20011;2507;"Esophagus_-_Muscularis_female_9_community"
"173";"query_1";TRUE;7,03213370313996e-39;451;89;40;0,449438202247191;0,0886917960088692;"TF:M01863_1";"TF";"Factor: ATF-3; motif: RTKRCGTCANN; match class: 1";20011;313;"Esophagus_-_Muscularis_female_9_community"
"174";"query_1";TRUE;8,30848554496056e-39;3291;89;73;0,820224719101124;0,0221817076876329;"TF:M11337_1";"TF";"Factor: ATF-4; motif: GGATGACGTCATCC; match class: 1";20011;329;"Esophagus_-_Muscularis_female_9_community"
"175";"query_1";TRUE;8,37076900049779e-39;2746;89;69;0,775280898876405;0,0251274581209031;"TF:M11275";"TF";"Factor: XBP-1; motif: SRTGAYGTCAYS";20011;8998;"Esophagus_-_Muscularis_female_9_community"
"176";"query_1";TRUE;9,72861038000637e-38;3883;89;76;0,853932584269663;0,0195724954931754;"TF:M00338";"TF";"Factor: ATF; motif: NTGACGTCANYS";20011;370;"Esophagus_-_Muscularis_female_9_community"
"177";"query_1";TRUE;1,38696995422387e-37;2154;89;63;0,707865168539326;0,0292479108635097;"TF:M09868_1";"TF";"Factor: ATF-3; motif: GGTSACGTGAN; match class: 1";20011;299;"Esophagus_-_Muscularis_female_9_community"
"178";"query_1";TRUE;1,6407100149501e-37;3433;89;73;0,820224719101124;0,0212642004078066;"TF:M11337";"TF";"Factor: ATF-4; motif: GGATGACGTCATCC";20011;328;"Esophagus_-_Muscularis_female_9_community"
"179";"query_1";TRUE;1,01038829282685e-36;2951;89;69;0,775280898876405;0,0233819044391732;"TF:M07313";"TF";"Factor: ATF-3; motif: SNTGACGYNATN";20011;314;"Esophagus_-_Muscularis_female_9_community"
"180";"query_1";TRUE;2,58283922715097e-36;4060;89;76;0,853932584269663;0,0187192118226601;"TF:M07312";"TF";"Factor: ATF-2; motif: NNTGACGTCAN";20011;294;"Esophagus_-_Muscularis_female_9_community"
"181";"query_1";TRUE;1,87379275139875e-35;3368;89;71;0,797752808988764;0,0210807600950119;"TF:M08941_1";"TF";"Factor: C-JUN:FRA-2; motif: NRTGACGTMAT; match class: 1";20011;4507;"Esophagus_-_Muscularis_female_9_community"
"182";"query_1";TRUE;5,5136496077864e-35;2998;89;68;0,764044943820225;0,0226817878585724;"TF:M11296";"TF";"Factor: jdp2; motif: NRTGAYGTCAYN";20011;4436;"Esophagus_-_Muscularis_female_9_community"
"183";"query_1";TRUE;1,86345445773231e-34;4304;89;76;0,853932584269663;0,0176579925650558;"TF:M07034";"TF";"Factor: ATF-1; motif: NNNTGACGTNNN";20011;272;"Esophagus_-_Muscularis_female_9_community"
"184";"query_1";TRUE;2,4706826535586e-34;4504;89;77;0,865168539325843;0,0170959147424512;"TF:M09592";"TF";"Factor: ATF-1; motif: NRTGACGTMAN";20011;268;"Esophagus_-_Muscularis_female_9_community"
"185";"query_1";TRUE;2,76259320372931e-34;690;89;42;0,471910112359551;0,0608695652173913;"TF:M12443_1";"TF";"Factor: ATF2; motif: NNATGANGTCATN; match class: 1";20011;289;"Esophagus_-_Muscularis_female_9_community"
"186";"query_1";TRUE;3,31347561160532e-34;4338;89;76;0,853932584269663;0,0175195942830798;"TF:M07248";"TF";"Factor: CREB1; motif: NNNNTGACGTNANNN";20011;988;"Esophagus_-_Muscularis_female_9_community"
"187";"query_1";TRUE;3,4297833743549e-34;4163;89;75;0,842696629213483;0,0180158539514773;"TF:M03544";"TF";"Factor: CREB1; motif: NNNNACGTCANN";20011;990;"Esophagus_-_Muscularis_female_9_community"
"188";"query_1";TRUE;4,38831200447643e-34;4539;89;77;0,865168539325843;0,0169640890063891;"TF:M01864";"TF";"Factor: ATF-4; motif: KACGTCAKS";20011;338;"Esophagus_-_Muscularis_female_9_community"
"189";"query_1";TRUE;1,27262191609845e-33;3433;89;70;0,786516853932584;0,0203903291581707;"TF:M11306";"TF";"Factor: ATF-2; motif: NRTGAYGTMAYN";20011;280;"Esophagus_-_Muscularis_female_9_community"
"190";"query_1";TRUE;2,7160611119058e-33;4652;89;77;0,865168539325843;0,0165520206362855;"TF:M11285_1";"TF";"Factor: Fra-1; motif: GRTGACGTCATC; match class: 1";20011;2491;"Esophagus_-_Muscularis_female_9_community"
"191";"query_1";TRUE;6,02271844865717e-33;1367;89;51;0,573033707865168;0,0373079736649598;"TF:M00514_1";"TF";"Factor: ATF4; motif: CVTGACGYMABG; match class: 1";20011;335;"Esophagus_-_Muscularis_female_9_community"
"192";"query_1";TRUE;7,16452228585248e-33;3523;89;70;0,786516853932584;0,0198694294635254;"TF:M00513_1";"TF";"Factor: ATF3; motif: CBCTGACGTCANCS; match class: 1";20011;311;"Esophagus_-_Muscularis_female_9_community"
"193";"query_1";TRUE;2,05996766046292e-32;601;89;39;0,438202247191011;0,064891846921797;"TF:M07246_1";"TF";"Factor: ATF-4; motif: NNTKRCRTCANS; match class: 1";20011;337;"Esophagus_-_Muscularis_female_9_community"
"194";"query_1";TRUE;2,1789208453408e-32;3737;89;71;0,797752808988764;0,018999197217019;"TF:M11313";"TF";"Factor: CREBPA; motif: NRTGACGTMANN";20011;1050;"Esophagus_-_Muscularis_female_9_community"
"195";"query_1";TRUE;4,92223752953633e-32;564;89;38;0,426966292134831;0,0673758865248227;"TF:M07313_1";"TF";"Factor: ATF-3; motif: SNTGACGYNATN; match class: 1";20011;315;"Esophagus_-_Muscularis_female_9_community"
"196";"query_1";TRUE;7,36634825665825e-32;4486;89;75;0,842696629213483;0,0167186803388319;"TF:M11291_1";"TF";"Factor: ATF-3; motif: NRTGACGTCAYN; match class: 1";20011;307;"Esophagus_-_Muscularis_female_9_community"
"197";"query_1";TRUE;1,7059893710703e-31;2845;89;64;0,719101123595506;0,0224956063268893;"TF:M07246";"TF";"Factor: ATF-4; motif: NNTKRCRTCANS";20011;336;"Esophagus_-_Muscularis_female_9_community"
"198";"query_1";TRUE;3,25289363828145e-31;3428;89;68;0,764044943820225;0,0198366394399067;"TF:M11224";"TF";"Factor: CREM; motif: NRTGATGTCAYN";20011;1084;"Esophagus_-_Muscularis_female_9_community"
"199";"query_1";TRUE;4,01079324966742e-31;5392;89;79;0,887640449438202;0,0146513353115727;"TF:M09600";"TF";"Factor: CREB1; motif: TKACGTCAYNN";20011;960;"Esophagus_-_Muscularis_female_9_community"
"200";"query_1";TRUE;5,27646472078187e-31;4800;89;76;0,853932584269663;0,0158333333333333;"TF:M11291";"TF";"Factor: ATF-3; motif: NRTGACGTCAYN";20011;306;"Esophagus_-_Muscularis_female_9_community"
"201";"query_1";TRUE;2,23544616766259e-30;5301;89;78;0,876404494382023;0,0147142048670062;"TF:M00177";"TF";"Factor: CREB; motif: NSTGACGTAANN";20011;1068;"Esophagus_-_Muscularis_female_9_community"
"202";"query_1";TRUE;3,20500819308046e-29;4336;89;72;0,808988764044944;0,0166051660516605;"TF:M11270_1";"TF";"Factor: JunD; motif: NRTGACGTCATS; match class: 1";20011;4493;"Esophagus_-_Muscularis_female_9_community"
"203";"query_1";TRUE;4,52069407213871e-29;4358;89;72;0,808988764044944;0,0165213400642497;"TF:M00041";"TF";"Factor: ATF2:c-Jun; motif: TGACGTYA";20011;1058;"Esophagus_-_Muscularis_female_9_community"
"204";"query_1";TRUE;4,98761955059334e-29;5315;89;77;0,865168539325843;0,0144873000940734;"TF:M00039";"TF";"Factor: CREB; motif: TGACGTMA";20011;1064;"Esophagus_-_Muscularis_female_9_community"
"205";"query_1";TRUE;6,47830669117766e-29;5334;89;77;0,865168539325843;0,0144356955380577;"TF:M00178";"TF";"Factor: CREB; motif: NSTGACGTMANN";20011;1074;"Esophagus_-_Muscularis_female_9_community"
"206";"query_1";TRUE;7,978766295827e-29;3735;89;68;0,764044943820225;0,0182061579651941;"TF:M11222";"TF";"Factor: CREB1; motif: NRTGAYGTCAYN";20011;980;"Esophagus_-_Muscularis_female_9_community"
"207";"query_1";TRUE;9,91578539611538e-29;1158;89;45;0,50561797752809;0,038860103626943;"TF:M08803";"TF";"Factor: CREM; motif: NNTGACGT";20011;1094;"Esophagus_-_Muscularis_female_9_community"
"208";"query_1";TRUE;1,68534440469185e-28;3779;89;68;0,764044943820225;0,0179941783540619;"TF:M12486";"TF";"Factor: CREB1; motif: NNNTGATGTCANN";20011;984;"Esophagus_-_Muscularis_female_9_community"
"209";"query_1";TRUE;1,74721173511255e-27;4972;89;74;0,831460674157303;0,0148833467417538;"TF:M04744_1";"TF";"Factor: ATF-3; motif: GGCGCSSNSNGRTSACGTSA; match class: 1";20011;297;"Esophagus_-_Muscularis_female_9_community"
"210";"query_1";TRUE;2,01053963988899e-27;6035;89;79;0,887640449438202;0,0130903065451533;"TF:M09887";"TF";"Factor: CREB1; motif: NRRTGACGTMA";20011;966;"Esophagus_-_Muscularis_female_9_community"
"211";"query_1";TRUE;2,78998678740908e-27;6545;89;81;0,910112359550562;0,012375859434683;"TF:M12592";"TF";"Factor: CREM; motif: NRTGACGYMA";20011;1090;"Esophagus_-_Muscularis_female_9_community"
"212";"query_1";TRUE;3,55554413811018e-27;4296;89;70;0,786516853932584;0,0162942271880819;"TF:M11308";"TF";"Factor: ATF-2; motif: NRTGAYGTMAYN";20011;284;"Esophagus_-_Muscularis_female_9_community"
"213";"query_1";TRUE;4,75742558062525e-27;5657;89;77;0,865168539325843;0,013611454834718;"TF:M00917";"TF";"Factor: CREB; motif: CNNTGACGTMA";20011;1076;"Esophagus_-_Muscularis_female_9_community"
"214";"query_1";TRUE;1,0613283586476e-26;6170;89;79;0,887640449438202;0,0128038897893031;"TF:M00179";"TF";"Factor: ATF2; motif: VGTGACGTMACN";20011;1062;"Esophagus_-_Muscularis_female_9_community"
"215";"query_1";TRUE;1,20637570658965e-26;4377;89;70;0,786516853932584;0,0159926890564313;"TF:M09867";"TF";"Factor: ATF-2; motif: RRTGANGTCAY";20011;278;"Esophagus_-_Muscularis_female_9_community"
"216";"query_1";TRUE;1,8030041947632e-26;4580;89;71;0,797752808988764;0,0155021834061135;"TF:M12581";"TF";"Factor: ATF2; motif: NTGACRTCAYC";20011;290;"Esophagus_-_Muscularis_female_9_community"
"217";"query_1";TRUE;6,47179576868362e-26;5439;89;75;0,842696629213483;0,0137892995035852;"TF:M00514";"TF";"Factor: ATF4; motif: CVTGACGYMABG";20011;334;"Esophagus_-_Muscularis_female_9_community"
"218";"query_1";TRUE;8,54376791903728e-26;4337;89;69;0,775280898876405;0,0159096149412036;"TF:M11216";"TF";"Factor: CREB1; motif: NRTGATGTCAYN";20011;968;"Esophagus_-_Muscularis_female_9_community"
"219";"query_1";TRUE;1,96831874970413e-25;6415;89;79;0,887640449438202;0,0123148869836321;"TF:M01820";"TF";"Factor: CREM; motif: TGACGTCASYN";20011;1092;"Esophagus_-_Muscularis_female_9_community"
"220";"query_1";TRUE;2,50300654564782e-25;5974;89;77;0,865168539325843;0,0128891864747238;"TF:M00916";"TF";"Factor: CREB; motif: NNTKACGTCANNNS";20011;1070;"Esophagus_-_Muscularis_female_9_community"
"221";"query_1";TRUE;4,43326906843218e-25;6485;89;79;0,887640449438202;0,0121819583654588;"TF:M09868";"TF";"Factor: ATF-3; motif: GGTSACGTGAN";20011;298;"Esophagus_-_Muscularis_female_9_community"
"222";"query_1";TRUE;5,278435400631e-25;4820;89;71;0,797752808988764;0,0147302904564315;"TF:M11289";"TF";"Factor: ATF-3; motif: NRTGACGTCAYN";20011;302;"Esophagus_-_Muscularis_female_9_community"
"223";"query_1";TRUE;9,67372403543635e-25;4682;89;70;0,786516853932584;0,0149508756941478;"TF:M09804";"TF";"Factor: CREB1; motif: NNTGACGTCANN";20011;962;"Esophagus_-_Muscularis_female_9_community"
"224";"query_1";TRUE;9,67372403543635e-25;4682;89;70;0,786516853932584;0,0149508756941478;"TF:M09804_1";"TF";"Factor: CREB1; motif: NNTGACGTCANN; match class: 1";20011;963;"Esophagus_-_Muscularis_female_9_community"
"225";"query_1";TRUE;2,81703890770372e-24;6408;89;78;0,876404494382023;0,0121722846441948;"TF:M01861";"TF";"Factor: ATF-1; motif: TNACGTCAN";20011;276;"Esophagus_-_Muscularis_female_9_community"
"226";"query_1";TRUE;4,18721331651952e-24;6683;89;79;0,887640449438202;0,0118210384557833;"TF:M11273_1";"TF";"Factor: JunB; motif: GATGACGTCAYC; match class: 1";20011;4467;"Esophagus_-_Muscularis_female_9_community"
"227";"query_1";TRUE;1,17426957284046e-23;6534;89;78;0,876404494382023;0,0119375573921028;"TF:M11309";"TF";"Factor: ATF-2; motif: NRTGACGTMANN";20011;286;"Esophagus_-_Muscularis_female_9_community"
"228";"query_1";TRUE;1,80261858814067e-23;5894;89;75;0,842696629213483;0,0127248048863251;"TF:M08945_1";"TF";"Factor: JUNB:C-JUN; motif: KRTGACGTCATN; match class: 1";20011;4455;"Esophagus_-_Muscularis_female_9_community"
"229";"query_1";TRUE;2,42226947526345e-23;476;89;30;0,337078651685393;0,0630252100840336;"TF:M11217_1";"TF";"Factor: CREB1; motif: NRTGACGYN; match class: 1";20011;971;"Esophagus_-_Muscularis_female_9_community"
"230";"query_1";TRUE;2,46715075870387e-23;6366;89;77;0,865168539325843;0,012095507382972;"TF:M11266_1";"TF";"Factor: c-Jun; motif: NATGACGTCAYN; match class: 1";20011;4517;"Esophagus_-_Muscularis_female_9_community"
"231";"query_1";TRUE;1,83444537853904e-22;5270;89;71;0,797752808988764;0,0134724857685009;"TF:M11288";"TF";"Factor: ATF-3; motif: GATGAYGTCATN";20011;300;"Esophagus_-_Muscularis_female_9_community"
"232";"query_1";TRUE;3,48259276301764e-21;6586;89;76;0,853932584269663;0,0115396295171576;"TF:M00513";"TF";"Factor: ATF3; motif: CBCTGACGTCANCS";20011;310;"Esophagus_-_Muscularis_female_9_community"
"233";"query_1";TRUE;4,0877746926436e-21;7333;89;79;0,887640449438202;0,0107732169644075;"TF:M00017";"TF";"Factor: ATF; motif: CNSTGACGTNNNYC";20011;368;"Esophagus_-_Muscularis_female_9_community"
"234";"query_1";TRUE;6,52262460645812e-21;5771;89;72;0,808988764044944;0,0124761739733149;"TF:M08930";"TF";"Factor: JUND:FRA-1; motif: RTGACGTMAY";20011;4476;"Esophagus_-_Muscularis_female_9_community"
"235";"query_1";TRUE;1,43738305175876e-20;187;89;21;0,235955056179775;0,112299465240642;"TF:M11248_1";"TF";"Factor: Luman; motif: GRTGAYGTCAYN; match class: 1";20011;1039;"Esophagus_-_Muscularis_female_9_community"
"236";"query_1";TRUE;3,3827485169197e-20;7813;89;80;0,898876404494382;0,0102393446819404;"TF:M11285";"TF";"Factor: Fra-1; motif: GRTGACGTCATC";20011;2490;"Esophagus_-_Muscularis_female_9_community"
"237";"query_1";TRUE;1,94606343679592e-19;6514;89;74;0,831460674157303;0,0113601473748849;"TF:M00040_1";"TF";"Factor: ATF-2; motif: TTACGTAA; match class: 1";20011;1061;"Esophagus_-_Muscularis_female_9_community"
"238";"query_1";TRUE;1,25207874194827e-18;8485;89;81;0,910112359550562;0,00954625810253388;"TF:M00981";"TF";"Factor: CREB,; motif: NTGACGTNA";20011;1056;"Esophagus_-_Muscularis_female_9_community"
"239";"query_1";TRUE;1,7360201962829e-18;6074;89;71;0,797752808988764;0,0116891669410603;"TF:M04681";"TF";"Factor: JunD; motif: RTGACGTCA";20011;4480;"Esophagus_-_Muscularis_female_9_community"
"240";"query_1";TRUE;8,43827853867778e-18;7125;89;75;0,842696629213483;0,0105263157894737;"TF:M08947";"TF";"Factor: C-FOS; motif: NNNKATGACGTCATNNN";20011;2506;"Esophagus_-_Muscularis_female_9_community"
"241";"query_1";TRUE;1,29587755169294e-17;5081;89;65;0,730337078651685;0,012792757331234;"TF:M00113";"TF";"Factor: CREB; motif: NNGNTGACGTNN";20011;1066;"Esophagus_-_Muscularis_female_9_community"
"242";"query_1";TRUE;1,54870337330162e-17;6954;89;74;0,831460674157303;0,0106413574920909;"TF:M00040";"TF";"Factor: ATF-2; motif: TTACGTAA";20011;1060;"Esophagus_-_Muscularis_female_9_community"
"243";"query_1";TRUE;2,90304989762082e-17;7020;89;74;0,831460674157303;0,0105413105413105;"TF:M08941";"TF";"Factor: C-JUN:FRA-2; motif: NRTGACGTMAT";20011;4506;"Esophagus_-_Muscularis_female_9_community"
"244";"query_1";TRUE;4,62895218588398e-17;317;89;22;0,247191011235955;0,0694006309148265;"TF:M11302";"TF";"Factor: batf3; motif: GATGAYGTCATN";20011;442;"Esophagus_-_Muscularis_female_9_community"
"245";"query_1";TRUE;5,19103627164478e-17;9536;89;83;0,932584269662921;0,00870385906040268;"TF:M12591_1";"TF";"Factor: CREB1; motif: NNNNSSGGCGCSSNNNNRTGACGTCAC; match class: 1";20011;987;"Esophagus_-_Muscularis_female_9_community"
"246";"query_1";TRUE;9,13375622229464e-17;6466;89;71;0,797752808988764;0,0109805134549954;"TF:M11290";"TF";"Factor: ATF-3; motif: NATGATGTCATN";20011;304;"Esophagus_-_Muscularis_female_9_community"
"247";"query_1";TRUE;2,2895508278315e-16;8800;89;80;0,898876404494382;0,00909090909090909;"TF:M11266";"TF";"Factor: c-Jun; motif: NATGACGTCAYN";20011;4516;"Esophagus_-_Muscularis_female_9_community"
"248";"query_1";TRUE;3,80206397309272e-16;9155;89;81;0,910112359550562;0,00884762424904424;"TF:M11273";"TF";"Factor: JunB; motif: GATGACGTCAYC";20011;4466;"Esophagus_-_Muscularis_female_9_community"
"249";"query_1";TRUE;1,56287344672124e-15;324;89;21;0,235955056179775;0,0648148148148148;"TF:M11248";"TF";"Factor: Luman; motif: GRTGAYGTCAYN";20011;1038;"Esophagus_-_Muscularis_female_9_community"
"250";"query_1";TRUE;2,07430465495878e-15;240;89;19;0,213483146067416;0,0791666666666667;"TF:M11302_1";"TF";"Factor: batf3; motif: GATGAYGTCATN; match class: 1";20011;443;"Esophagus_-_Muscularis_female_9_community"
"251";"query_1";TRUE;2,99948084605322e-14;754;89;27;0,303370786516854;0,0358090185676393;"TF:M12730_1";"TF";"Factor: ZBTB4; motif: NNGTSACKYSAYCTNN; match class: 1";20011;9179;"Esophagus_-_Muscularis_female_9_community"
"252";"query_1";TRUE;4,62590462084836e-14;9464;89;80;0,898876404494382;0,0084530853761623;"TF:M11270";"TF";"Factor: JunD; motif: NRTGACGTCATS";20011;4492;"Esophagus_-_Muscularis_female_9_community"
"253";"query_1";TRUE;4,86010270329374e-14;3612;89;52;0,584269662921348;0,0143964562569214;"TF:M12730";"TF";"Factor: ZBTB4; motif: NNGTSACKYSAYCTNN";20011;9178;"Esophagus_-_Muscularis_female_9_community"
"254";"query_1";TRUE;1,25076665387408e-13;9595;89;80;0,898876404494382;0,00833767587285044;"TF:M08945";"TF";"Factor: JUNB:C-JUN; motif: KRTGACGTCATN";20011;4454;"Esophagus_-_Muscularis_female_9_community"
"255";"query_1";TRUE;1,85977578942034e-12;10269;89;81;0,910112359550562;0,00788781770376862;"TF:M04744";"TF";"Factor: ATF-3; motif: GGCGCSSNSNGRTSACGTSA";20011;296;"Esophagus_-_Muscularis_female_9_community"
"256";"query_1";TRUE;2,47292679434839e-12;3046;89;46;0,51685393258427;0,0151017728168089;"TF:M12443";"TF";"Factor: ATF2; motif: NNATGANGTCATN";20011;288;"Esophagus_-_Muscularis_female_9_community"
"257";"query_1";TRUE;2,56331562543528e-12;170;89;15;0,168539325842697;0,0882352941176471;"TF:M11280_1";"TF";"Factor: FOSB; motif: NATGAYGTCATN; match class: 1";20011;2475;"Esophagus_-_Muscularis_female_9_community"
"258";"query_1";TRUE;5,23105102225005e-11;4929;89;56;0,629213483146067;0,0113613308987624;"TF:M00691";"TF";"Factor: ATF-1; motif: CYYTGACGTCA";20011;274;"Esophagus_-_Muscularis_female_9_community"
"259";"query_1";TRUE;7,0500055381934e-11;944;89;26;0,292134831460674;0,0275423728813559;"TF:M00113_1";"TF";"Factor: CREB; motif: NNGNTGACGTNN; match class: 1";20011;1067;"Esophagus_-_Muscularis_female_9_community"
"260";"query_1";TRUE;1,67785812640784e-10;443;89;19;0,213483146067416;0,0428893905191874;"TF:M11280";"TF";"Factor: FOSB; motif: NATGAYGTCATN";20011;2474;"Esophagus_-_Muscularis_female_9_community"
"261";"query_1";TRUE;2,03614152678044e-10;988;89;26;0,292134831460674;0,0263157894736842;"TF:M00691_1";"TF";"Factor: ATF-1; motif: CYYTGACGTCA; match class: 1";20011;275;"Esophagus_-_Muscularis_female_9_community"
"262";"query_1";TRUE;7,65034394832911e-09;2059;89;34;0,382022471910112;0,0165128703254007;"TF:M11334_1";"TF";"Factor: ATF-4; motif: GGATGATGTCATCC; match class: 1";20011;325;"Esophagus_-_Muscularis_female_9_community"
"263";"query_1";TRUE;5,08810281274835e-08;135;89;11;0,123595505617978;0,0814814814814815;"TF:M11294";"TF";"Factor: jdp2; motif: NRTGACGTCAYN";20011;4432;"Esophagus_-_Muscularis_female_9_community"
"264";"query_1";TRUE;5,45450717413774e-08;2897;89;39;0,438202247191011;0,0134622022782188;"TF:M09827";"TF";"Factor: CREB1; motif: NGRTGAYGWNNN";20011;964;"Esophagus_-_Muscularis_female_9_community"
"265";"query_1";TRUE;1,76028947891476e-07;112;89;10;0,112359550561798;0,0892857142857143;"TF:M04227";"TF";"Factor: XBP-1; motif: GATGACGTCATC";20011;8992;"Esophagus_-_Muscularis_female_9_community"
"266";"query_1";TRUE;5,18217983073896e-07;6676;89;59;0,662921348314607;0,00883762732174955;"TF:M00114";"TF";"Factor: Tax/CREB; motif: GGGGGTTGACGYANA";20011;8196;"Esophagus_-_Muscularis_female_9_community"
"267";"query_1";TRUE;9,15971191973718e-07;14168;89;86;0,966292134831461;0,00607001693958216;"TF:M12591";"TF";"Factor: CREB1; motif: NNNNSSGGCGCSSNNNNRTGACGTCAC";20011;986;"Esophagus_-_Muscularis_female_9_community"
"268";"query_1";TRUE;1,68239358290743e-06;101;89;9;0,101123595505618;0,0891089108910891;"TF:M11315";"TF";"Factor: CREBPA; motif: NRTGACGTCAYN";20011;1054;"Esophagus_-_Muscularis_female_9_community"
"269";"query_1";TRUE;1,00901728052906e-05;1609;89;26;0,292134831460674;0,0161591050341827;"TF:M00114_1";"TF";"Factor: Tax/CREB; motif: GGGGGTTGACGYANA; match class: 1";20011;8197;"Esophagus_-_Muscularis_female_9_community"
"270";"query_1";TRUE;1,74684327180787e-05;91;89;8;0,0898876404494382;0,0879120879120879;"TF:M08803_1";"TF";"Factor: CREM; motif: NNTGACGT; match class: 1";20011;1095;"Esophagus_-_Muscularis_female_9_community"
"271";"query_1";TRUE;8,83605449846462e-05;1180;89;21;0,235955056179775;0,0177966101694915;"TF:M12005";"TF";"Factor: GMEB-1; motif: KNACGTNRNNACGTAN";20011;3232;"Esophagus_-_Muscularis_female_9_community"
"272";"query_1";TRUE;0,00164251499331167;5406;89;46;0,51685393258427;0,00850906400295967;"TF:M11877_1";"TF";"Factor: pax-2; motif: NCGTCACGCNYSRNYGCNYN; match class: 1";20011;6335;"Esophagus_-_Muscularis_female_9_community"
"273";"query_1";TRUE;0,00300662635615565;9111;89;63;0,707865168539326;0,00691471847217649;"TF:M01588";"TF";"Factor: GKLF; motif: GCCMCRCCCNNN";20011;3162;"Esophagus_-_Muscularis_female_9_community"
"274";"query_1";TRUE;0,00644146316631485;6447;89;50;0,561797752808989;0,0077555452148286;"TF:M11334";"TF";"Factor: ATF-4; motif: GGATGATGTCATCC";20011;324;"Esophagus_-_Muscularis_female_9_community"
"275";"query_1";TRUE;0,00819274383719942;1422;89;20;0,224719101123595;0,0140646976090014;"TF:M09967_1";"TF";"Factor: AP-2rep; motif: NGGGGCGGGGC; match class: 1";20011;149;"Esophagus_-_Muscularis_female_9_community"
"276";"query_1";TRUE;0,0124122248594234;16438;89;87;0,97752808988764;0,00529261467331792;"TF:M00716";"TF";"Factor: ZF5; motif: GSGCGCGR";20011;9222;"Esophagus_-_Muscularis_female_9_community"
"277";"query_1";TRUE;0,0189035161741195;10243;89;66;0,741573033707865;0,0064434247778971;"TF:M12173";"TF";"Factor: GKLF; motif: NNCCMCRCCCN";20011;4584;"Esophagus_-_Muscularis_female_9_community"
"278";"query_1";TRUE;0,0198890357998109;473;89;11;0,123595505617978;0,0232558139534884;"TF:M12005_1";"TF";"Factor: GMEB-1; motif: KNACGTNRNNACGTAN; match class: 1";20011;3233;"Esophagus_-_Muscularis_female_9_community"
"279";"query_1";TRUE;0,0213136186924582;13175;89;77;0,865168539325843;0,00584440227703985;"TF:M11399";"TF";"Factor: Fli-1; motif: NACCGGAWWTCCGGTY";20011;2454;"Esophagus_-_Muscularis_female_9_community"
"280";"query_1";TRUE;0,0253304976325417;13508;89;78;0,876404494382023;0,00577435593722239;"TF:M02089";"TF";"Factor: E2F-3; motif: GGCGGGN";20011;1496;"Esophagus_-_Muscularis_female_9_community"
"281";"query_1";TRUE;0,0280475739243101;2111;89;24;0,269662921348315;0,0113690194220748;"TF:M09658_1";"TF";"Factor: Sp2; motif: GGSNNGGGGGCGGGGCCNGNGS; match class: 1";20011;7869;"Esophagus_-_Muscularis_female_9_community"
"282";"query_1";TRUE;0,0284582375210149;16613;89;87;0,97752808988764;0,0052368626978872;"TF:M11529";"TF";"Factor: E2F-2; motif: GCGCGCGCNCS";20011;1468;"Esophagus_-_Muscularis_female_9_community"
"283";"query_1";TRUE;0,0334355918668605;6998;89;51;0,573033707865168;0,00728779651328951;"TF:M12151";"TF";"Factor: Sp1; motif: NWRGCCMCGCCCMCN";20011;7840;"Esophagus_-_Muscularis_female_9_community"
"284";"query_1";TRUE;0,0337126753523254;6182;89;47;0,528089887640449;0,00760271756713038;"TF:M03922";"TF";"Factor: SP4; motif: NWRGCCACGCCCMCTYN";20011;7892;"Esophagus_-_Muscularis_female_9_community"
"285";"query_1";TRUE;0,0417671133163129;11697;89;71;0,797752808988764;0,00606993246131487;"TF:M11882_1";"TF";"Factor: pax-6; motif: NYACGCNYSANYGMNCN; match class: 1";20011;6413;"Esophagus_-_Muscularis_female_9_community"
"286";"query_1";TRUE;0,0474642034177186;13660;89;78;0,876404494382023;0,00571010248901903;"TF:M04515";"TF";"Factor: E2F-1; motif: WWTGGCGCCAAA";20011;1434;"Esophagus_-_Muscularis_female_9_community"
"287";"query_1";TRUE;2,47557276375789e-07;24;43;6;0,13953488372093;0,25;"WP:WP5272";"WP";"LDL- influence on CD14 and TLR4";8133;756;"Esophagus_-_Muscularis_female_9_community"
"288";"query_1";TRUE;2,98163805993581e-07;44;43;7;0,162790697674419;0,159090909090909;"WP:WP4756";"WP";"Renin-angiotensin-aldosterone system (RAAS)";8133;687;"Esophagus_-_Muscularis_female_9_community"
"289";"query_1";TRUE;0,0102425308200885;44;43;4;0,0930232558139535;0,0909090909090909;"WP:WP5085";"WP";"Vasopressin-regulated water reabsorption";8133;492;"Esophagus_-_Muscularis_female_9_community"
"290";"query_1";TRUE;0,0166517607989369;151;43;6;0,13953488372093;0,0397350993377483;"WP:WP4666";"WP";"Hepatitis B infection";8133;100;"Esophagus_-_Muscularis_female_9_community"
"291";"query_1";TRUE;0,0314810490584871;108;43;5;0,116279069767442;0,0462962962962963;"WP:WP4321";"WP";"Thermogenesis";8133;97;"Esophagus_-_Muscularis_female_9_community"
