"","go","cluster","parent","parentSimScore","score","size","term","parentTerm","female_drugs","male_drugs"
"GO:0006357","GO:0006357",1,"GO:0006357",1,1793,1793,"regulation of transcription by RNA polymerase II","regulation of transcription by RNA polymerase II",TRUE,TRUE
"GO:0006366","GO:0006366",1,"GO:0006357",0.695,248,248,"transcription by RNA polymerase II","regulation of transcription by RNA polymerase II",TRUE,TRUE
"GO:0006355","GO:0006355",1,"GO:0006357",0.939,584,584,"regulation of DNA-templated transcription","regulation of transcription by RNA polymerase II",TRUE,TRUE
"GO:1903506","GO:1903506",1,"GO:0006357",0.806,2,2,"regulation of nucleic acid-templated transcription","regulation of transcription by RNA polymerase II",TRUE,TRUE
"GO:2001141","GO:2001141",1,"GO:0006357",0.796,3,3,"regulation of RNA biosynthetic process","regulation of transcription by RNA polymerase II",TRUE,TRUE
"GO:0006351","GO:0006351",1,"GO:0006357",0.694,79,79,"DNA-templated transcription","regulation of transcription by RNA polymerase II",TRUE,TRUE
"GO:0097659","GO:0097659",1,"GO:0006357",0.596,0,0,"nucleic acid-templated transcription","regulation of transcription by RNA polymerase II",TRUE,TRUE
"GO:0032774","GO:0032774",1,"GO:0006357",0.62,0,0,"RNA biosynthetic process","regulation of transcription by RNA polymerase II",TRUE,TRUE
"GO:0051252","GO:0051252",1,"GO:0006357",0.633,11,11,"regulation of RNA metabolic process","regulation of transcription by RNA polymerase II",TRUE,TRUE
"GO:0045944","GO:0045944",1,"GO:0006357",0.839,1507,1507,"positive regulation of transcription by RNA polymerase II","regulation of transcription by RNA polymerase II",TRUE,TRUE
"GO:0010556","GO:0010556",1,"GO:0006357",0.49,0,0,"regulation of macromolecule biosynthetic process","regulation of transcription by RNA polymerase II",TRUE,TRUE
"GO:0034654","GO:0034654",1,"GO:0006357",0.564,0,0,"nucleobase-containing compound biosynthetic process","regulation of transcription by RNA polymerase II",TRUE,TRUE
"GO:0019219","GO:0019219",1,"GO:0006357",0.568,0,0,"regulation of nucleobase-containing compound metabolic process","regulation of transcription by RNA polymerase II",TRUE,TRUE
"GO:0031326","GO:0031326",1,"GO:0006357",0.478,0,0,"regulation of cellular biosynthetic process","regulation of transcription by RNA polymerase II",TRUE,TRUE
"GO:0018130","GO:0018130",1,"GO:0006357",0.329,0,0,"heterocycle biosynthetic process","regulation of transcription by RNA polymerase II",TRUE,TRUE
"GO:0019438","GO:0019438",1,"GO:0006357",0.329,1,1,"aromatic compound biosynthetic process","regulation of transcription by RNA polymerase II",TRUE,TRUE
"GO:0009889","GO:0009889",1,"GO:0006357",0.321,0,0,"regulation of biosynthetic process","regulation of transcription by RNA polymerase II",TRUE,TRUE
"GO:1901362","GO:1901362",1,"GO:0006357",0.303,0,0,"organic cyclic compound biosynthetic process","regulation of transcription by RNA polymerase II",TRUE,TRUE
"GO:0045893","GO:0045893",1,"GO:0006357",0.784,840,840,"positive regulation of DNA-templated transcription","regulation of transcription by RNA polymerase II",TRUE,TRUE
"GO:1903508","GO:1903508",1,"GO:0006357",0.641,1,1,"positive regulation of nucleic acid-templated transcription","regulation of transcription by RNA polymerase II",TRUE,TRUE
"GO:1902680","GO:1902680",1,"GO:0006357",0.625,2,2,"positive regulation of RNA biosynthetic process","regulation of transcription by RNA polymerase II",TRUE,TRUE
"GO:0051254","GO:0051254",1,"GO:0006357",0.502,0,0,"positive regulation of RNA metabolic process","regulation of transcription by RNA polymerase II",TRUE,TRUE
"GO:0010557","GO:0010557",1,"GO:0006357",0.39,1,1,"positive regulation of macromolecule biosynthetic process","regulation of transcription by RNA polymerase II",TRUE,TRUE
"GO:0009059","GO:0009059",1,"GO:0006357",0.32,0,0,"macromolecule biosynthetic process","regulation of transcription by RNA polymerase II",TRUE,TRUE
"GO:0044271","GO:0044271",1,"GO:0006357",0.352,0,0,"cellular nitrogen compound biosynthetic process","regulation of transcription by RNA polymerase II",TRUE,TRUE
"GO:0031328","GO:0031328",1,"GO:0006357",0.366,3,3,"positive regulation of cellular biosynthetic process","regulation of transcription by RNA polymerase II",TRUE,TRUE
"GO:0045935","GO:0045935",1,"GO:0006357",0.458,0,0,"positive regulation of nucleobase-containing compound metabolic process","regulation of transcription by RNA polymerase II",TRUE,TRUE
"GO:0009891","GO:0009891",1,"GO:0006357",0.253,0,0,"positive regulation of biosynthetic process","regulation of transcription by RNA polymerase II",TRUE,TRUE
"GO:0010468","GO:0010468",1,"GO:0006357",0.422,242,242,"regulation of gene expression","regulation of transcription by RNA polymerase II",TRUE,TRUE
"GO:0031323","GO:0031323",1,"GO:0006357",0.383,0,0,"regulation of cellular metabolic process","regulation of transcription by RNA polymerase II",TRUE,TRUE
"GO:0051171","GO:0051171",1,"GO:0006357",0.309,1,1,"regulation of nitrogen compound metabolic process","regulation of transcription by RNA polymerase II",TRUE,TRUE
"GO:0044249","GO:0044249",1,"GO:0006357",0.292,0,0,"cellular biosynthetic process","regulation of transcription by RNA polymerase II",TRUE,TRUE
"GO:1901576","GO:1901576",1,"GO:0006357",0.257,0,0,"organic substance biosynthetic process","regulation of transcription by RNA polymerase II",TRUE,TRUE
"GO:0080090","GO:0080090",1,"GO:0006357",0.309,0,0,"regulation of primary metabolic process","regulation of transcription by RNA polymerase II",TRUE,TRUE
"GO:0009058","GO:0009058",1,"GO:0006357",0.181,15,15,"biosynthetic process","regulation of transcription by RNA polymerase II",TRUE,TRUE
"GO:0060255","GO:0060255",1,"GO:0006357",0.361,0,0,"regulation of macromolecule metabolic process","regulation of transcription by RNA polymerase II",TRUE,TRUE
"GO:0031325","GO:0031325",1,"GO:0006357",0.296,0,0,"positive regulation of cellular metabolic process","regulation of transcription by RNA polymerase II",TRUE,TRUE
"GO:0016070","GO:0016070",1,"GO:0006357",0.422,8,8,"RNA metabolic process","regulation of transcription by RNA polymerase II",TRUE,TRUE
"GO:0051173","GO:0051173",1,"GO:0006357",0.241,2,2,"positive regulation of nitrogen compound metabolic process","regulation of transcription by RNA polymerase II",TRUE,TRUE
"GO:0045892","GO:0045892",1,"GO:0006357",0.746,680,680,"negative regulation of DNA-templated transcription","regulation of transcription by RNA polymerase II",TRUE,TRUE
"GO:1903507","GO:1903507",1,"GO:0006357",0.641,3,3,"negative regulation of nucleic acid-templated transcription","regulation of transcription by RNA polymerase II",TRUE,TRUE
"GO:1902679","GO:1902679",1,"GO:0006357",0.625,2,2,"negative regulation of RNA biosynthetic process","regulation of transcription by RNA polymerase II",TRUE,TRUE
"GO:0010604","GO:0010604",1,"GO:0006357",0.292,0,0,"positive regulation of macromolecule metabolic process","regulation of transcription by RNA polymerase II",TRUE,TRUE
"GO:0051253","GO:0051253",1,"GO:0006357",0.502,0,0,"negative regulation of RNA metabolic process","regulation of transcription by RNA polymerase II",TRUE,TRUE
"GO:0019222","GO:0019222",1,"GO:0006357",0.266,21,21,"regulation of metabolic process","regulation of transcription by RNA polymerase II",TRUE,TRUE
"GO:0045934","GO:0045934",1,"GO:0006357",0.458,0,0,"negative regulation of nucleobase-containing compound metabolic process","regulation of transcription by RNA polymerase II",TRUE,TRUE
"GO:0090304","GO:0090304",1,"GO:0006357",0.445,0,0,"nucleic acid metabolic process","regulation of transcription by RNA polymerase II",TRUE,TRUE
"GO:0000122","GO:0000122",1,"GO:0006357",0.808,1119,1119,"negative regulation of transcription by RNA polymerase II","regulation of transcription by RNA polymerase II",TRUE,TRUE
"GO:0010558","GO:0010558",1,"GO:0006357",0.39,0,0,"negative regulation of macromolecule biosynthetic process","regulation of transcription by RNA polymerase II",TRUE,TRUE
"GO:0009893","GO:0009893",1,"GO:0006357",0.21,0,0,"positive regulation of metabolic process","regulation of transcription by RNA polymerase II",TRUE,TRUE
"GO:0031327","GO:0031327",1,"GO:0006357",0.366,2,2,"negative regulation of cellular biosynthetic process","regulation of transcription by RNA polymerase II",TRUE,TRUE
"GO:0009890","GO:0009890",1,"GO:0006357",0.253,2,2,"negative regulation of biosynthetic process","regulation of transcription by RNA polymerase II",TRUE,TRUE
"GO:0006139","GO:0006139",1,"GO:0006357",0.435,32,32,"nucleobase-containing compound metabolic process","regulation of transcription by RNA polymerase II",TRUE,TRUE
"GO:0046483","GO:0046483",1,"GO:0006357",0.239,6,6,"heterocycle metabolic process","regulation of transcription by RNA polymerase II",TRUE,TRUE
"GO:0006725","GO:0006725",1,"GO:0006357",0.239,1,1,"cellular aromatic compound metabolic process","regulation of transcription by RNA polymerase II",TRUE,TRUE
"GO:1901360","GO:1901360",1,"GO:0006357",0.206,0,0,"organic cyclic compound metabolic process","regulation of transcription by RNA polymerase II",TRUE,TRUE
"GO:0034641","GO:0034641",1,"GO:0006357",0.277,0,0,"cellular nitrogen compound metabolic process","regulation of transcription by RNA polymerase II",TRUE,TRUE
"GO:0010467","GO:0010467",1,"GO:0006357",0.251,83,83,"gene expression","regulation of transcription by RNA polymerase II",TRUE,TRUE
"GO:0031324","GO:0031324",1,"GO:0006357",0.296,0,0,"negative regulation of cellular metabolic process","regulation of transcription by RNA polymerase II",TRUE,TRUE
"GO:0051172","GO:0051172",1,"GO:0006357",0.241,0,0,"negative regulation of nitrogen compound metabolic process","regulation of transcription by RNA polymerase II",TRUE,TRUE
"GO:0048522","GO:0048522",2,"GO:0007165",0.507,0,0,"positive regulation of cellular process","signal transduction",TRUE,TRUE
"GO:0048518","GO:0048518",2,"GO:0007165",0.349,0,0,"positive regulation of biological process","signal transduction",TRUE,TRUE
"GO:0010605","GO:0010605",1,"GO:0006357",0.292,0,0,"negative regulation of macromolecule metabolic process","regulation of transcription by RNA polymerase II",TRUE,TRUE
"GO:0050794","GO:0050794",2,"GO:0007165",0.63,0,0,"regulation of cellular process","signal transduction",TRUE,TRUE
"GO:0009892","GO:0009892",1,"GO:0006357",0.21,0,0,"negative regulation of metabolic process","regulation of transcription by RNA polymerase II",TRUE,TRUE
"GO:0048523","GO:0048523",2,"GO:0007165",0.507,0,0,"negative regulation of cellular process","signal transduction",TRUE,TRUE
"GO:0030154","GO:0030154",3,"GO:0030154",1,621,621,"cell differentiation","cell differentiation",TRUE,TRUE
"GO:0044237","GO:0044237",1,"GO:0006357",0.227,0,0,"cellular metabolic process","regulation of transcription by RNA polymerase II",TRUE,TRUE
"GO:0048869","GO:0048869",3,"GO:0030154",0.831,0,0,"cellular developmental process","cell differentiation",TRUE,TRUE
"GO:0006807","GO:0006807",1,"GO:0006357",0.175,7,7,"nitrogen compound metabolic process","regulation of transcription by RNA polymerase II",TRUE,TRUE
"GO:0043170","GO:0043170",1,"GO:0006357",0.216,1,1,"macromolecule metabolic process","regulation of transcription by RNA polymerase II",TRUE,TRUE
"GO:0050789","GO:0050789",2,"GO:0007165",0.427,0,0,"regulation of biological process","signal transduction",TRUE,TRUE
"GO:0044238","GO:0044238",1,"GO:0006357",0.175,0,0,"primary metabolic process","regulation of transcription by RNA polymerase II",TRUE,TRUE
"GO:0048513","GO:0048513",5,"GO:0007399",0.739,18,18,"animal organ development","nervous system development",TRUE,TRUE
"GO:0048856","GO:0048856",3,"GO:0030154",0.388,50,50,"anatomical structure development","cell differentiation",TRUE,TRUE
"GO:0065007","GO:0065007",2,"GO:0007165",0.316,0,0,"biological regulation","signal transduction",TRUE,TRUE
"GO:0048519","GO:0048519",2,"GO:0007165",0.349,0,0,"negative regulation of biological process","signal transduction",TRUE,TRUE
"GO:0045165","GO:0045165",3,"GO:0030154",0.852,56,56,"cell fate commitment","cell differentiation",TRUE,TRUE
"GO:0032502","GO:0032502",3,"GO:0030154",0.536,21,21,"developmental process","cell differentiation",TRUE,TRUE
"GO:0048731","GO:0048731",5,"GO:0007399",0.864,2,2,"system development","nervous system development",TRUE,TRUE
"GO:0007275","GO:0007275",5,"GO:0007399",0.757,84,84,"multicellular organism development","nervous system development",TRUE,TRUE
"GO:0071704","GO:0071704",1,"GO:0006357",0.181,1,1,"organic substance metabolic process","regulation of transcription by RNA polymerase II",TRUE,TRUE
"GO:0009888","GO:0009888",3,"GO:0030154",0.3,35,35,"tissue development","cell differentiation",TRUE,TRUE
"GO:0008283","GO:0008283",4,"GO:0006915",0.357,152,152,"cell population proliferation","apoptotic process",TRUE,TRUE
"GO:0042127","GO:0042127",2,"GO:0007165",0.49,141,141,"regulation of cell population proliferation","signal transduction",TRUE,TRUE
"GO:0045595","GO:0045595",3,"GO:0030154",0.631,37,37,"regulation of cell differentiation","cell differentiation",TRUE,TRUE
"GO:0008152","GO:0008152",1,"GO:0006357",0.141,8,8,"metabolic process","regulation of transcription by RNA polymerase II",TRUE,TRUE
"GO:0050793","GO:0050793",7,"GO:0030097",0.209,7,7,"regulation of developmental process","hemopoiesis",TRUE,TRUE
"GO:0048568","GO:0048568",5,"GO:0007399",0.595,31,31,"embryonic organ development","nervous system development",TRUE,TRUE
"GO:0032501","GO:0032501",5,"GO:0007399",0.43,0,0,"multicellular organismal process","nervous system development",TRUE,TRUE
"GO:0009653","GO:0009653",3,"GO:0030154",0.342,136,136,"anatomical structure morphogenesis","cell differentiation",TRUE,TRUE
"GO:0060429","GO:0060429",3,"GO:0030154",0.244,5,5,"epithelium development","cell differentiation",TRUE,TRUE
"GO:0009887","GO:0009887",5,"GO:0007399",0.595,135,135,"animal organ morphogenesis","nervous system development",TRUE,TRUE
"GO:2000026","GO:2000026",7,"GO:0030097",0.362,0,0,"regulation of multicellular organismal development","hemopoiesis",TRUE,TRUE
"GO:0048646","GO:0048646",3,"GO:0030154",0.316,7,7,"anatomical structure formation involved in morphogenesis","cell differentiation",TRUE,TRUE
"GO:0051239","GO:0051239",2,"GO:0007165",0.31,0,0,"regulation of multicellular organismal process","signal transduction",TRUE,TRUE
"GO:0009790","GO:0009790",5,"GO:0007399",0.613,17,17,"embryo development","nervous system development",TRUE,TRUE
"GO:0009719","GO:0009719",8,"GO:0050896",0.743,0,0,"response to endogenous stimulus","response to stimulus",TRUE,TRUE
"GO:0071310","GO:0071310",8,"GO:0050896",0.38,16,16,"cellular response to organic substance","response to stimulus",TRUE,TRUE
"GO:0048562","GO:0048562",5,"GO:0007399",0.445,4,4,"embryonic organ morphogenesis","nervous system development",TRUE,TRUE
"GO:0048598","GO:0048598",5,"GO:0007399",0.498,11,11,"embryonic morphogenesis","nervous system development",TRUE,TRUE
"GO:0030855","GO:0030855",3,"GO:0030154",0.67,91,91,"epithelial cell differentiation","cell differentiation",TRUE,TRUE
"GO:0008285","GO:0008285",2,"GO:0007165",0.392,453,453,"negative regulation of cell population proliferation","signal transduction",TRUE,TRUE
"GO:0030522","GO:0030522",2,"GO:0007165",0.915,35,35,"intracellular receptor signaling pathway","signal transduction",TRUE,TRUE
"GO:0071495","GO:0071495",8,"GO:0050896",0.598,0,0,"cellular response to endogenous stimulus","response to stimulus",TRUE,TRUE
"GO:0042693","GO:0042693",3,"GO:0030154",0.604,6,6,"muscle cell fate commitment","cell differentiation",TRUE,FALSE
"GO:0010628","GO:0010628",1,"GO:0006357",0.34,549,549,"positive regulation of gene expression","regulation of transcription by RNA polymerase II",TRUE,TRUE
"GO:0048468","GO:0048468",3,"GO:0030154",0.772,26,26,"cell development","cell differentiation",TRUE,TRUE
"GO:0035295","GO:0035295",5,"GO:0007399",0.632,2,2,"tube development","nervous system development",TRUE,TRUE
"GO:0070887","GO:0070887",8,"GO:0050896",0.467,0,0,"cellular response to chemical stimulus","response to stimulus",TRUE,TRUE
"GO:0072359","GO:0072359",5,"GO:0007399",0.723,10,10,"circulatory system development","nervous system development",TRUE,TRUE
"GO:0051093","GO:0051093",7,"GO:0030097",0.185,8,8,"negative regulation of developmental process","hemopoiesis",TRUE,TRUE
"GO:0045596","GO:0045596",3,"GO:0030154",0.518,52,52,"negative regulation of cell differentiation","cell differentiation",TRUE,TRUE
"GO:0035239","GO:0035239",5,"GO:0007399",0.498,1,1,"tube morphogenesis","nervous system development",TRUE,TRUE
"GO:0051094","GO:0051094",7,"GO:0030097",0.185,2,2,"positive regulation of developmental process","hemopoiesis",TRUE,TRUE
"GO:0048729","GO:0048729",5,"GO:0007399",0.327,3,3,"tissue morphogenesis","nervous system development",TRUE,TRUE
"GO:0045597","GO:0045597",3,"GO:0030154",0.518,55,55,"positive regulation of cell differentiation","cell differentiation",TRUE,TRUE
"GO:0061061","GO:0061061",3,"GO:0030154",0.3,11,11,"muscle structure development","cell differentiation",TRUE,TRUE
"GO:0007368","GO:0007368",5,"GO:0007399",0.402,65,65,"determination of left/right symmetry","nervous system development",TRUE,TRUE
"GO:0061448","GO:0061448",3,"GO:0030154",0.244,2,2,"connective tissue development","cell differentiation",TRUE,TRUE
"GO:0010033","GO:0010033",8,"GO:0050896",0.598,25,25,"response to organic substance","response to stimulus",TRUE,TRUE
"GO:0007399","GO:0007399",5,"GO:0007399",1,376,376,"nervous system development","nervous system development",TRUE,TRUE
"GO:0001501","GO:0001501",5,"GO:0007399",0.723,132,132,"skeletal system development","nervous system development",TRUE,TRUE
"GO:0009855","GO:0009855",5,"GO:0007399",0.454,1,1,"determination of bilateral symmetry","nervous system development",TRUE,TRUE
"GO:0009799","GO:0009799",5,"GO:0007399",0.529,0,0,"specification of symmetry","nervous system development",TRUE,TRUE
"GO:0007389","GO:0007389",5,"GO:0007399",0.632,31,31,"pattern specification process","nervous system development",TRUE,TRUE
"GO:0048732","GO:0048732",5,"GO:0007399",0.638,2,2,"gland development","nervous system development",TRUE,TRUE
"GO:1901700","GO:1901700",8,"GO:0050896",0.598,0,0,"response to oxygen-containing compound","response to stimulus",TRUE,TRUE
"GO:0007423","GO:0007423",5,"GO:0007399",0.638,6,6,"sensory organ development","nervous system development",TRUE,TRUE
"GO:0051240","GO:0051240",2,"GO:0007165",0.246,0,0,"positive regulation of multicellular organismal process","signal transduction",TRUE,TRUE
"GO:0001944","GO:0001944",5,"GO:0007399",0.659,15,15,"vasculature development","nervous system development",TRUE,TRUE
"GO:0001655","GO:0001655",5,"GO:0007399",0.723,15,15,"urogenital system development","nervous system development",TRUE,TRUE
"GO:0007507","GO:0007507",5,"GO:0007399",0.583,216,216,"heart development","nervous system development",TRUE,TRUE
"GO:0048863","GO:0048863",3,"GO:0030154",0.837,44,44,"stem cell differentiation","cell differentiation",TRUE,TRUE
"GO:0043009","GO:0043009",5,"GO:0007399",0.441,5,5,"chordate embryonic development","nervous system development",TRUE,TRUE
"GO:0042221","GO:0042221",8,"GO:0050896",0.743,0,0,"response to chemical","response to stimulus",TRUE,TRUE
"GO:0045445","GO:0045445",3,"GO:0030154",0.701,21,21,"myoblast differentiation","cell differentiation",TRUE,FALSE
"GO:0002009","GO:0002009",5,"GO:0007399",0.253,21,21,"morphogenesis of an epithelium","nervous system development",TRUE,TRUE
"GO:0009792","GO:0009792",5,"GO:0007399",0.512,23,23,"embryo development ending in birth or egg hatching","nervous system development",TRUE,TRUE
"GO:0001568","GO:0001568",5,"GO:0007399",0.62,44,44,"blood vessel development","nervous system development",TRUE,FALSE
"GO:0031016","GO:0031016",5,"GO:0007399",0.638,25,25,"pancreas development","nervous system development",TRUE,TRUE
"GO:0002064","GO:0002064",3,"GO:0030154",0.57,12,12,"epithelial cell development","cell differentiation",TRUE,TRUE
"GO:0060537","GO:0060537",3,"GO:0030154",0.244,5,5,"muscle tissue development","cell differentiation",TRUE,TRUE
"GO:0033993","GO:0033993",8,"GO:0050896",0.51,14,14,"response to lipid","response to stimulus",TRUE,TRUE
"GO:0002520","GO:0002520",7,"GO:0030097",0.761,4,4,"immune system development","hemopoiesis",TRUE,TRUE
"GO:0090596","GO:0090596",5,"GO:0007399",0.494,0,0,"sensory organ morphogenesis","nervous system development",TRUE,TRUE
"GO:0071407","GO:0071407",8,"GO:0050896",0.329,42,42,"cellular response to organic cyclic compound","response to stimulus",TRUE,TRUE
"GO:0048705","GO:0048705",5,"GO:0007399",0.513,32,32,"skeletal system morphogenesis","nervous system development",TRUE,TRUE
"GO:1902893","GO:1902893",1,"GO:0006357",0.925,1,1,"regulation of miRNA transcription","regulation of transcription by RNA polymerase II",TRUE,TRUE
"GO:0007498","GO:0007498",3,"GO:0030154",0.244,30,30,"mesoderm development","cell differentiation",TRUE,FALSE
"GO:0061614","GO:0061614",1,"GO:0006357",0.619,1,1,"miRNA transcription","regulation of transcription by RNA polymerase II",TRUE,TRUE
"GO:0051147","GO:0051147",3,"GO:0030154",0.499,8,8,"regulation of muscle cell differentiation","cell differentiation",TRUE,FALSE
"GO:0032870","GO:0032870",8,"GO:0050896",0.293,25,25,"cellular response to hormone stimulus","response to stimulus",TRUE,TRUE
"GO:0071396","GO:0071396",8,"GO:0050896",0.329,4,4,"cellular response to lipid","response to stimulus",TRUE,TRUE
"GO:0060485","GO:0060485",5,"GO:0007399",0.583,4,4,"mesenchyme development","nervous system development",TRUE,TRUE
"GO:0007417","GO:0007417",5,"GO:0007399",0.874,149,149,"central nervous system development","nervous system development",TRUE,TRUE
"GO:0048534","GO:0048534",7,"GO:0030097",0.897,0,0,"hematopoietic or lymphoid organ development","hemopoiesis",TRUE,TRUE
"GO:0030324","GO:0030324",5,"GO:0007399",0.509,83,83,"lung development","nervous system development",TRUE,FALSE
"GO:0050673","GO:0050673",4,"GO:0006915",0.267,49,49,"epithelial cell proliferation","apoptotic process",TRUE,TRUE
"GO:0030323","GO:0030323",5,"GO:0007399",0.595,4,4,"respiratory tube development","nervous system development",TRUE,FALSE
"GO:0042692","GO:0042692",3,"GO:0030154",0.701,19,19,"muscle cell differentiation","cell differentiation",TRUE,TRUE
"GO:0072001","GO:0072001",5,"GO:0007399",0.659,0,0,"renal system development","nervous system development",TRUE,TRUE
"GO:2000628","GO:2000628",1,"GO:0006357",0.516,3,3,"regulation of miRNA metabolic process","regulation of transcription by RNA polymerase II",TRUE,TRUE
"GO:0051216","GO:0051216",5,"GO:0007399",0.509,57,57,"cartilage development","nervous system development",TRUE,FALSE
"GO:0014070","GO:0014070",8,"GO:0050896",0.51,52,52,"response to organic cyclic compound","response to stimulus",TRUE,TRUE
"GO:1904888","GO:1904888",3,"GO:0030154",0.3,15,15,"cranial skeletal system development","cell differentiation",TRUE,FALSE
"GO:0048332","GO:0048332",5,"GO:0007399",0.253,2,2,"mesoderm morphogenesis","nervous system development",TRUE,FALSE
"GO:0071383","GO:0071383",8,"GO:0050896",0.21,16,16,"cellular response to steroid hormone stimulus","response to stimulus",TRUE,TRUE
"GO:0060541","GO:0060541",5,"GO:0007399",0.723,4,4,"respiratory system development","nervous system development",TRUE,FALSE
"GO:1903706","GO:1903706",7,"GO:0030097",0.683,11,11,"regulation of hemopoiesis","hemopoiesis",TRUE,FALSE
"GO:0060562","GO:0060562",5,"GO:0007399",0.348,1,1,"epithelial tube morphogenesis","nervous system development",TRUE,TRUE
"GO:0048701","GO:0048701",5,"GO:0007399",0.358,32,32,"embryonic cranial skeleton morphogenesis","nervous system development",TRUE,FALSE
"GO:0045661","GO:0045661",3,"GO:0030154",0.499,8,8,"regulation of myoblast differentiation","cell differentiation",TRUE,FALSE
"GO:1902895","GO:1902895",1,"GO:0006357",0.783,56,56,"positive regulation of miRNA transcription","regulation of transcription by RNA polymerase II",TRUE,FALSE
"GO:0007517","GO:0007517",5,"GO:0007399",0.583,98,98,"muscle organ development","nervous system development",TRUE,TRUE
"GO:0009725","GO:0009725",8,"GO:0050896",0.467,41,41,"response to hormone","response to stimulus",TRUE,TRUE
"GO:0003205","GO:0003205",5,"GO:0007399",0.571,2,2,"cardiac chamber development","nervous system development",TRUE,FALSE
"GO:0006915","GO:0006915",4,"GO:0006915",1,580,580,"apoptotic process","apoptotic process",TRUE,TRUE
"GO:1901701","GO:1901701",8,"GO:0050896",0.38,0,0,"cellular response to oxygen-containing compound","response to stimulus",TRUE,FALSE
"GO:0003206","GO:0003206",5,"GO:0007399",0.436,0,0,"cardiac chamber morphogenesis","nervous system development",TRUE,FALSE
"GO:0035050","GO:0035050",5,"GO:0007399",0.418,20,20,"embryonic heart tube development","nervous system development",TRUE,TRUE
"GO:0003002","GO:0003002",5,"GO:0007399",0.529,0,0,"regionalization","nervous system development",TRUE,TRUE
"GO:0030217","GO:0030217",7,"GO:0030097",0.553,42,42,"T cell differentiation","hemopoiesis",TRUE,FALSE
"GO:2000630","GO:2000630",1,"GO:0006357",0.415,3,3,"positive regulation of miRNA metabolic process","regulation of transcription by RNA polymerase II",TRUE,FALSE
"GO:0014706","GO:0014706",3,"GO:0030154",0.208,5,5,"striated muscle tissue development","cell differentiation",TRUE,FALSE
"GO:0010586","GO:0010586",1,"GO:0006357",0.279,13,13,"miRNA metabolic process","regulation of transcription by RNA polymerase II",TRUE,FALSE
"GO:0042471","GO:0042471",5,"GO:0007399",0.355,4,4,"ear morphogenesis","nervous system development",TRUE,FALSE
"GO:0048706","GO:0048706",5,"GO:0007399",0.511,32,32,"embryonic skeletal system development","nervous system development",TRUE,FALSE
"GO:0012501","GO:0012501",4,"GO:0006915",0.812,11,11,"programmed cell death","apoptotic process",TRUE,FALSE
"GO:0048514","GO:0048514",5,"GO:0007399",0.469,19,19,"blood vessel morphogenesis","nervous system development",TRUE,FALSE
"GO:0098727","GO:0098727",3,"GO:0030154",0.388,1,1,"maintenance of cell number","cell differentiation",TRUE,FALSE
"GO:0072132","GO:0072132",5,"GO:0007399",0.435,0,0,"mesenchyme morphogenesis","nervous system development",TRUE,FALSE
"GO:0001822","GO:0001822",5,"GO:0007399",0.55,122,122,"kidney development","nervous system development",TRUE,TRUE
"GO:0030097","GO:0030097",7,"GO:0030097",1,64,64,"hemopoiesis","hemopoiesis",TRUE,FALSE
"GO:0007369","GO:0007369",5,"GO:0007399",0.438,25,25,"gastrulation","nervous system development",TRUE,TRUE
"GO:0048704","GO:0048704",5,"GO:0007399",0.336,42,42,"embryonic skeletal system morphogenesis","nervous system development",TRUE,FALSE
"GO:0051716","GO:0051716",8,"GO:0050896",0.63,0,0,"cellular response to stimulus","response to stimulus",TRUE,TRUE
"GO:0003007","GO:0003007",5,"GO:0007399",0.468,43,43,"heart morphogenesis","nervous system development",TRUE,TRUE
"GO:0055123","GO:0055123",5,"GO:0007399",0.723,5,5,"digestive system development","nervous system development",TRUE,TRUE
"GO:0051145","GO:0051145",3,"GO:0030154",0.64,20,20,"smooth muscle cell differentiation","cell differentiation",TRUE,TRUE
"GO:0003207","GO:0003207",5,"GO:0007399",0.407,3,3,"cardiac chamber formation","nervous system development",TRUE,FALSE
"GO:0001763","GO:0001763",5,"GO:0007399",0.48,9,9,"morphogenesis of a branching structure","nervous system development",TRUE,TRUE
"GO:0003006","GO:0003006",9,"GO:0007548",0.852,5,5,"developmental process involved in reproduction","sex differentiation",TRUE,TRUE
"GO:0001947","GO:0001947",5,"GO:0007399",0.254,65,65,"heart looping","nervous system development",TRUE,FALSE
"GO:0014855","GO:0014855",4,"GO:0006915",0.21,0,0,"striated muscle cell proliferation","apoptotic process",TRUE,FALSE
"GO:0030098","GO:0030098",7,"GO:0030097",0.594,5,5,"lymphocyte differentiation","hemopoiesis",TRUE,FALSE
"GO:0031053","GO:0031053",1,"GO:0006357",0.301,17,17,"primary miRNA processing","regulation of transcription by RNA polymerase II",TRUE,FALSE
"GO:0008219","GO:0008219",4,"GO:0006915",0.657,35,35,"cell death","apoptotic process",TRUE,FALSE
"GO:0048738","GO:0048738",5,"GO:0007399",0.441,18,18,"cardiac muscle tissue development","nervous system development",TRUE,FALSE
"GO:0061371","GO:0061371",5,"GO:0007399",0.43,6,6,"determination of heart left/right asymmetry","nervous system development",TRUE,FALSE
"GO:0003143","GO:0003143",5,"GO:0007399",0.279,9,9,"embryonic heart tube morphogenesis","nervous system development",TRUE,FALSE
"GO:0048844","GO:0048844",5,"GO:0007399",0.415,24,24,"artery morphogenesis","nervous system development",TRUE,FALSE
"GO:0070848","GO:0070848",8,"GO:0050896",0.51,15,15,"response to growth factor","response to stimulus",TRUE,FALSE
"GO:0051090","GO:0051090",1,"GO:0006357",0.866,24,24,"regulation of DNA-binding transcription factor activity","regulation of transcription by RNA polymerase II",TRUE,FALSE
"GO:0009952","GO:0009952",5,"GO:0007399",0.454,92,92,"anterior/posterior pattern specification","nervous system development",TRUE,TRUE
"GO:0001707","GO:0001707",5,"GO:0007399",0.291,33,33,"mesoderm formation","nervous system development",TRUE,FALSE
"GO:0050896","GO:0050896",8,"GO:0050896",1,64,64,"response to stimulus","response to stimulus",TRUE,TRUE
"GO:0061035","GO:0061035",7,"GO:0030097",0.373,3,3,"regulation of cartilage development","hemopoiesis",TRUE,FALSE
"GO:0002065","GO:0002065",3,"GO:0030154",0.619,0,0,"columnar/cuboidal epithelial cell differentiation","cell differentiation",TRUE,TRUE
"GO:0048872","GO:0048872",6,"GO:0042593",0.453,15,15,"homeostasis of number of cells","glucose homeostasis",TRUE,FALSE
"GO:0002062","GO:0002062",5,"GO:0007399",0.415,50,50,"chondrocyte differentiation","nervous system development",TRUE,FALSE
"GO:0050678","GO:0050678",2,"GO:0007165",0.403,18,18,"regulation of epithelial cell proliferation","signal transduction",TRUE,TRUE
"GO:0000003","GO:0000003",9,"GO:0007548",0.471,4,4,"reproduction","sex differentiation",TRUE,TRUE
"GO:0060322","GO:0060322",3,"GO:0030154",0.3,13,13,"head development","cell differentiation",TRUE,TRUE
"GO:0043583","GO:0043583",5,"GO:0007399",0.563,10,10,"ear development","nervous system development",TRUE,FALSE
"GO:0051155","GO:0051155",3,"GO:0030154",0.372,6,6,"positive regulation of striated muscle cell differentiation","cell differentiation",TRUE,FALSE
"GO:0048339","GO:0048339",5,"GO:0007399",0.484,8,8,"paraxial mesoderm development","nervous system development",TRUE,FALSE
"GO:0019827","GO:0019827",5,"GO:0007399",0.373,38,38,"stem cell population maintenance","nervous system development",TRUE,FALSE
"GO:0045580","GO:0045580",7,"GO:0030097",0.388,14,14,"regulation of T cell differentiation","hemopoiesis",TRUE,FALSE
"GO:0001704","GO:0001704",5,"GO:0007399",0.392,2,2,"formation of primary germ layer","nervous system development",TRUE,FALSE
"GO:1903131","GO:1903131",7,"GO:0030097",0.717,3,3,"mononuclear cell differentiation","hemopoiesis",TRUE,FALSE
"GO:0042789","GO:0042789",1,"GO:0006357",0.594,46,46,"mRNA transcription by RNA polymerase II","regulation of transcription by RNA polymerase II",TRUE,FALSE
"GO:0045663","GO:0045663",3,"GO:0030154",0.411,47,47,"positive regulation of myoblast differentiation","cell differentiation",TRUE,FALSE
"GO:0003231","GO:0003231",5,"GO:0007399",0.52,7,7,"cardiac ventricle development","nervous system development",TRUE,FALSE
"GO:0051153","GO:0051153",3,"GO:0030154",0.457,1,1,"regulation of striated muscle cell differentiation","cell differentiation",TRUE,FALSE
"GO:0048643","GO:0048643",7,"GO:0030097",0.227,7,7,"positive regulation of skeletal muscle tissue development","hemopoiesis",TRUE,FALSE
"GO:1901861","GO:1901861",7,"GO:0030097",0.211,0,0,"regulation of muscle tissue development","hemopoiesis",TRUE,FALSE
"GO:0001654","GO:0001654",5,"GO:0007399",0.484,46,46,"eye development","nervous system development",TRUE,TRUE
"GO:0150063","GO:0150063",5,"GO:0007399",0.621,1,1,"visual system development","nervous system development",TRUE,TRUE
"GO:0071363","GO:0071363",8,"GO:0050896",0.329,56,56,"cellular response to growth factor stimulus","response to stimulus",TRUE,FALSE
"GO:0042981","GO:0042981",4,"GO:0006915",0.616,209,209,"regulation of apoptotic process","apoptotic process",TRUE,FALSE
"GO:0048565","GO:0048565",5,"GO:0007399",0.595,27,27,"digestive tract development","nervous system development",TRUE,TRUE
"GO:1901652","GO:1901652",8,"GO:0050896",0.371,2,2,"response to peptide","response to stimulus",TRUE,TRUE
"GO:0006950","GO:0006950",8,"GO:0050896",0.743,0,0,"response to stress","response to stimulus",TRUE,FALSE
"GO:0007420","GO:0007420",5,"GO:0007399",0.668,264,264,"brain development","nervous system development",TRUE,TRUE
"GO:0048880","GO:0048880",5,"GO:0007399",0.723,3,3,"sensory system development","nervous system development",TRUE,FALSE
"GO:0002066","GO:0002066",3,"GO:0030154",0.503,1,1,"columnar/cuboidal epithelial cell development","cell differentiation",TRUE,FALSE
"GO:0002070","GO:0002070",3,"GO:0030154",0.482,8,8,"epithelial cell maturation","cell differentiation",TRUE,FALSE
"GO:0043401","GO:0043401",8,"GO:0050896",0.185,22,22,"steroid hormone mediated signaling pathway","response to stimulus",TRUE,TRUE
"GO:0009299","GO:0009299",1,"GO:0006357",0.608,5,5,"mRNA transcription","regulation of transcription by RNA polymerase II",TRUE,FALSE
"GO:0035270","GO:0035270",5,"GO:0007399",0.723,0,0,"endocrine system development","nervous system development",TRUE,TRUE
"GO:0043067","GO:0043067",4,"GO:0006915",0.484,4,4,"regulation of programmed cell death","apoptotic process",TRUE,TRUE
"GO:0002521","GO:0002521",7,"GO:0030097",0.761,3,3,"leukocyte differentiation","hemopoiesis",TRUE,FALSE
"GO:0048545","GO:0048545",8,"GO:0050896",0.34,16,16,"response to steroid hormone","response to stimulus",TRUE,TRUE
"GO:0022414","GO:0022414",9,"GO:0007548",0.62,4,4,"reproductive process","sex differentiation",TRUE,TRUE
"GO:0043010","GO:0043010",5,"GO:0007399",0.456,41,41,"camera-type eye development","nervous system development",TRUE,FALSE
"GO:1901863","GO:1901863",7,"GO:0030097",0.183,1,1,"positive regulation of muscle tissue development","hemopoiesis",TRUE,FALSE
"GO:0032330","GO:0032330",7,"GO:0030097",0.276,12,12,"regulation of chondrocyte differentiation","hemopoiesis",TRUE,FALSE
"GO:0035108","GO:0035108",5,"GO:0007399",0.402,14,14,"limb morphogenesis","nervous system development",TRUE,FALSE
"GO:0035107","GO:0035107",5,"GO:0007399",0.498,0,0,"appendage morphogenesis","nervous system development",TRUE,FALSE
"GO:0051146","GO:0051146",3,"GO:0030154",0.64,14,14,"striated muscle cell differentiation","cell differentiation",TRUE,FALSE
"GO:0035196","GO:0035196",1,"GO:0006357",0.296,24,24,"miRNA processing","regulation of transcription by RNA polymerase II",TRUE,FALSE
"GO:0072073","GO:0072073",5,"GO:0007399",0.441,2,2,"kidney epithelium development","nervous system development",TRUE,TRUE
"GO:0045619","GO:0045619",7,"GO:0030097",0.411,3,3,"regulation of lymphocyte differentiation","hemopoiesis",TRUE,FALSE
"GO:0060840","GO:0060840",5,"GO:0007399",0.556,9,9,"artery development","nervous system development",TRUE,FALSE
"GO:0007154","GO:0007154",4,"GO:0006915",0.357,18,18,"cell communication","apoptotic process",TRUE,TRUE
"GO:0048641","GO:0048641",7,"GO:0030097",0.269,3,3,"regulation of skeletal muscle tissue development","hemopoiesis",TRUE,FALSE
"GO:0030325","GO:0030325",5,"GO:0007399",0.532,24,24,"adrenal gland development","nervous system development",TRUE,FALSE
"GO:0070918","GO:0070918",1,"GO:0006357",0.355,0,0,"small regulatory ncRNA processing","regulation of transcription by RNA polymerase II",TRUE,FALSE
"GO:0060135","GO:0060135",9,"GO:0007548",0.259,20,20,"maternal process involved in female pregnancy","sex differentiation",TRUE,FALSE
"GO:0046649","GO:0046649",4,"GO:0006915",0.207,1,1,"lymphocyte activation","apoptotic process",TRUE,FALSE
"GO:0048743","GO:0048743",7,"GO:0030097",0.137,10,10,"positive regulation of skeletal muscle fiber development","hemopoiesis",TRUE,FALSE
"GO:0048617","GO:0048617",5,"GO:0007399",0.415,9,9,"embryonic foregut morphogenesis","nervous system development",TRUE,FALSE
"GO:0042110","GO:0042110",4,"GO:0006915",0.173,56,56,"T cell activation","apoptotic process",TRUE,FALSE
"GO:0061005","GO:0061005",5,"GO:0007399",0.435,3,3,"cell differentiation involved in kidney development","nervous system development",TRUE,FALSE
"GO:0022008","GO:0022008",3,"GO:0030154",0.623,53,53,"neurogenesis","cell differentiation",TRUE,TRUE
"GO:0048754","GO:0048754",5,"GO:0007399",0.314,23,23,"branching morphogenesis of an epithelial tube","nervous system development",TRUE,TRUE
"GO:0048589","GO:0048589",3,"GO:0030154",0.342,23,23,"developmental growth","cell differentiation",TRUE,FALSE
"GO:0043500","GO:0043500",10,"GO:0014737",0.465,0,0,"muscle adaptation","positive regulation of muscle atrophy",TRUE,FALSE
"GO:0003279","GO:0003279",5,"GO:0007399",0.546,9,9,"cardiac septum development","nervous system development",TRUE,FALSE
"GO:0040007","GO:0040007",3,"GO:0030154",0.221,0,0,"growth","cell differentiation",TRUE,FALSE
"GO:0003211","GO:0003211",5,"GO:0007399",0.354,5,5,"cardiac ventricle formation","nervous system development",TRUE,FALSE
"GO:0007440","GO:0007440",5,"GO:0007399",0.475,1,1,"foregut morphogenesis","nervous system development",TRUE,FALSE
"GO:0042472","GO:0042472",5,"GO:0007399",0.362,56,56,"inner ear morphogenesis","nervous system development",TRUE,FALSE
"GO:0035282","GO:0035282",5,"GO:0007399",0.454,1,1,"segmentation","nervous system development",TRUE,FALSE
"GO:0051149","GO:0051149",3,"GO:0030154",0.411,15,15,"positive regulation of muscle cell differentiation","cell differentiation",TRUE,FALSE
"GO:0061036","GO:0061036",7,"GO:0030097",0.325,17,17,"positive regulation of cartilage development","hemopoiesis",TRUE,FALSE
"GO:0048609","GO:0048609",9,"GO:0007548",0.395,4,4,"multicellular organismal reproductive process","sex differentiation",TRUE,FALSE
"GO:0045321","GO:0045321",4,"GO:0006915",0.254,5,5,"leukocyte activation","apoptotic process",TRUE,FALSE
"GO:0030155","GO:0030155",2,"GO:0007165",0.468,59,59,"regulation of cell adhesion","signal transduction",TRUE,FALSE
"GO:0048340","GO:0048340",5,"GO:0007399",0.348,2,2,"paraxial mesoderm morphogenesis","nervous system development",TRUE,FALSE
"GO:0001708","GO:0001708",3,"GO:0030154",0.765,33,33,"cell fate specification","cell differentiation",TRUE,TRUE
"GO:0048762","GO:0048762",5,"GO:0007399",0.451,8,8,"mesenchymal cell differentiation","nervous system development",TRUE,TRUE
"GO:1902105","GO:1902105",7,"GO:0030097",0.522,0,0,"regulation of leukocyte differentiation","hemopoiesis",TRUE,FALSE
"GO:0010941","GO:0010941",4,"GO:0006915",0.381,6,6,"regulation of cell death","apoptotic process",TRUE,TRUE
"GO:0060411","GO:0060411",5,"GO:0007399",0.408,13,13,"cardiac septum morphogenesis","nervous system development",TRUE,FALSE
"GO:0003208","GO:0003208",5,"GO:0007399",0.393,9,9,"cardiac ventricle morphogenesis","nervous system development",TRUE,FALSE
"GO:0042593","GO:0042593",6,"GO:0042593",1,112,112,"glucose homeostasis","glucose homeostasis",TRUE,TRUE
"GO:0033500","GO:0033500",6,"GO:0042593",0.833,2,2,"carbohydrate homeostasis","glucose homeostasis",TRUE,TRUE
"GO:0030099","GO:0030099",7,"GO:0030097",0.761,23,23,"myeloid cell differentiation","hemopoiesis",TRUE,FALSE
"GO:0007183","GO:0007183",2,"GO:0007165",0.608,7,7,"SMAD protein complex assembly","signal transduction",TRUE,FALSE
"GO:0072105","GO:0072105",10,"GO:0014737",0.123,2,2,"ureteric peristalsis","positive regulation of muscle atrophy",TRUE,FALSE
"GO:0007521","GO:0007521",3,"GO:0030154",0.547,2,2,"muscle cell fate determination","cell differentiation",TRUE,FALSE
"GO:0014849","GO:0014849",10,"GO:0014737",0.143,0,0,"ureter smooth muscle contraction","positive regulation of muscle atrophy",TRUE,FALSE
"GO:0014737","GO:0014737",10,"GO:0014737",1,2,2,"positive regulation of muscle atrophy","positive regulation of muscle atrophy",TRUE,FALSE
"GO:1990785","GO:1990785",8,"GO:0050896",0.51,2,2,"response to water-immersion restraint stress","response to stimulus",TRUE,TRUE
"GO:0048699","GO:0048699",3,"GO:0030154",0.586,9,9,"generation of neurons","cell differentiation",FALSE,TRUE
"GO:0007548","GO:0007548",9,"GO:0007548",1,21,21,"sex differentiation","sex differentiation",FALSE,TRUE
"GO:0001656","GO:0001656",5,"GO:0007399",0.505,29,29,"metanephros development","nervous system development",FALSE,TRUE
"GO:0007165","GO:0007165",2,"GO:0007165",1,1181,1181,"signal transduction","signal transduction",FALSE,TRUE
"GO:0061138","GO:0061138",5,"GO:0007399",0.314,4,4,"morphogenesis of a branching epithelium","nervous system development",FALSE,TRUE
"GO:0030182","GO:0030182",3,"GO:0030154",0.614,183,183,"neuron differentiation","cell differentiation",FALSE,TRUE
"GO:0007166","GO:0007166",2,"GO:0007165",0.915,303,303,"cell surface receptor signaling pathway","signal transduction",FALSE,TRUE
"GO:0048608","GO:0048608",5,"GO:0007399",0.552,4,4,"reproductive structure development","nervous system development",FALSE,TRUE
"GO:0061458","GO:0061458",5,"GO:0007399",0.723,5,5,"reproductive system development","nervous system development",FALSE,TRUE
"GO:0023052","GO:0023052",4,"GO:0006915",0.21,7,7,"signaling","apoptotic process",FALSE,TRUE
"GO:0009755","GO:0009755",8,"GO:0050896",0.226,48,48,"hormone-mediated signaling pathway","response to stimulus",FALSE,TRUE
"GO:0045664","GO:0045664",3,"GO:0030154",0.464,29,29,"regulation of neuron differentiation","cell differentiation",FALSE,TRUE
"GO:0034097","GO:0034097",8,"GO:0050896",0.51,46,46,"response to cytokine","response to stimulus",FALSE,TRUE
"GO:0071345","GO:0071345",8,"GO:0050896",0.329,33,33,"cellular response to cytokine stimulus","response to stimulus",FALSE,TRUE
"GO:0045665","GO:0045665",3,"GO:0030154",0.387,62,62,"negative regulation of neuron differentiation","cell differentiation",FALSE,TRUE
"GO:0003151","GO:0003151",5,"GO:0007399",0.468,48,48,"outflow tract morphogenesis","nervous system development",FALSE,TRUE
"GO:0001945","GO:0001945",5,"GO:0007399",0.62,8,8,"lymph vessel development","nervous system development",FALSE,TRUE
"GO:0051241","GO:0051241",2,"GO:0007165",0.246,0,0,"negative regulation of multicellular organismal process","signal transduction",FALSE,TRUE
"GO:0021781","GO:0021781",3,"GO:0030154",0.555,3,3,"glial cell fate commitment","cell differentiation",FALSE,TRUE
"GO:0014033","GO:0014033",5,"GO:0007399",0.401,11,11,"neural crest cell differentiation","nervous system development",FALSE,TRUE
"GO:0001823","GO:0001823",5,"GO:0007399",0.505,11,11,"mesonephros development","nervous system development",FALSE,TRUE
"GO:0048663","GO:0048663",3,"GO:0030154",0.555,19,19,"neuron fate commitment","cell differentiation",FALSE,TRUE
"GO:0007519","GO:0007519",5,"GO:0007399",0.403,53,53,"skeletal muscle tissue development","nervous system development",FALSE,TRUE
"GO:0016055","GO:0016055",2,"GO:0007165",0.721,160,160,"Wnt signaling pathway","signal transduction",FALSE,TRUE
"GO:0198738","GO:0198738",4,"GO:0006915",0.207,2,2,"cell-cell signaling by wnt","apoptotic process",FALSE,TRUE
"GO:0072189","GO:0072189",5,"GO:0007399",0.521,6,6,"ureter development","nervous system development",FALSE,TRUE
"GO:0072009","GO:0072009",5,"GO:0007399",0.427,0,0,"nephron epithelium development","nervous system development",FALSE,TRUE
"GO:0008406","GO:0008406",5,"GO:0007399",0.448,12,12,"gonad development","nervous system development",FALSE,TRUE
"GO:0060070","GO:0060070",2,"GO:0007165",0.704,155,155,"canonical Wnt signaling pathway","signal transduction",FALSE,TRUE
"GO:1905114","GO:1905114",2,"GO:0007165",0.803,3,3,"cell surface receptor signaling pathway involved in cell-cell signaling","signal transduction",FALSE,TRUE
"GO:0045137","GO:0045137",5,"GO:0007399",0.473,1,1,"development of primary sexual characteristics","nervous system development",FALSE,TRUE
"GO:0048866","GO:0048866",3,"GO:0030154",0.586,4,4,"stem cell fate specification","cell differentiation",FALSE,TRUE
"GO:0060538","GO:0060538",5,"GO:0007399",0.528,6,6,"skeletal muscle organ development","nervous system development",FALSE,TRUE
"GO:0022612","GO:0022612",5,"GO:0007399",0.494,7,7,"gland morphogenesis","nervous system development",FALSE,TRUE
"GO:0014032","GO:0014032",5,"GO:0007399",0.337,20,20,"neural crest cell development","nervous system development",FALSE,TRUE
"GO:0031018","GO:0031018",5,"GO:0007399",0.573,17,17,"endocrine pancreas development","nervous system development",FALSE,TRUE
"GO:0048864","GO:0048864",3,"GO:0030154",0.63,7,7,"stem cell development","cell differentiation",FALSE,TRUE
"GO:0048583","GO:0048583",2,"GO:0007165",0.433,1,1,"regulation of response to stimulus","signal transduction",FALSE,TRUE
"GO:2000738","GO:2000738",3,"GO:0030154",0.443,13,13,"positive regulation of stem cell differentiation","cell differentiation",FALSE,TRUE
"GO:0002634","GO:0002634",7,"GO:0030097",0.169,5,5,"regulation of germinal center formation","hemopoiesis",FALSE,TRUE
"GO:0060740","GO:0060740",5,"GO:0007399",0.308,8,8,"prostate gland epithelium morphogenesis","nervous system development",FALSE,TRUE
"GO:0001657","GO:0001657",5,"GO:0007399",0.426,35,35,"ureteric bud development","nervous system development",FALSE,TRUE
"GO:0060349","GO:0060349",5,"GO:0007399",0.435,30,30,"bone morphogenesis","nervous system development",FALSE,TRUE
"GO:0072163","GO:0072163",5,"GO:0007399",0.393,1,1,"mesonephric epithelium development","nervous system development",FALSE,TRUE
"GO:0072164","GO:0072164",5,"GO:0007399",0.44,2,2,"mesonephric tubule development","nervous system development",FALSE,TRUE
"GO:0072006","GO:0072006",5,"GO:0007399",0.549,9,9,"nephron development","nervous system development",FALSE,TRUE
"GO:0042592","GO:0042592",6,"GO:0042593",0.608,11,11,"homeostatic process","glucose homeostasis",FALSE,TRUE
"GO:0001678","GO:0001678",6,"GO:0042593",0.693,26,26,"cellular glucose homeostasis","glucose homeostasis",FALSE,TRUE
"GO:0060512","GO:0060512",5,"GO:0007399",0.364,2,2,"prostate gland morphogenesis","nervous system development",FALSE,TRUE
"GO:0008585","GO:0008585",5,"GO:0007399",0.387,21,21,"female gonad development","nervous system development",FALSE,TRUE
"GO:0048865","GO:0048865",3,"GO:0030154",0.673,0,0,"stem cell fate commitment","cell differentiation",FALSE,TRUE
"GO:0046545","GO:0046545",5,"GO:0007399",0.393,4,4,"development of primary female sexual characteristics","nervous system development",FALSE,TRUE
"GO:0048585","GO:0048585",2,"GO:0007165",0.357,0,0,"negative regulation of response to stimulus","signal transduction",FALSE,TRUE
"GO:0048665","GO:0048665",3,"GO:0030154",0.517,20,20,"neuron fate specification","cell differentiation",FALSE,TRUE
"GO:0048384","GO:0048384",2,"GO:0007165",0.847,21,21,"retinoic acid receptor signaling pathway","signal transduction",FALSE,TRUE
"GO:0030178","GO:0030178",2,"GO:0007165",0.53,60,60,"negative regulation of Wnt signaling pathway","signal transduction",FALSE,TRUE
"GO:0090184","GO:0090184",5,"GO:0007399",0.373,4,4,"positive regulation of kidney development","nervous system development",FALSE,TRUE
"GO:0060548","GO:0060548",4,"GO:0006915",0.315,76,76,"negative regulation of cell death","apoptotic process",FALSE,TRUE
"GO:0030900","GO:0030900",5,"GO:0007399",0.663,47,47,"forebrain development","nervous system development",FALSE,TRUE
"GO:0043069","GO:0043069",4,"GO:0006915",0.393,16,16,"negative regulation of programmed cell death","apoptotic process",FALSE,TRUE
"GO:0001701","GO:0001701",5,"GO:0007399",0.391,203,203,"in utero embryonic development","nervous system development",FALSE,TRUE
"GO:0001659","GO:0001659",6,"GO:0042593",0.343,20,20,"temperature homeostasis","glucose homeostasis",FALSE,TRUE
"GO:1902257","GO:1902257",7,"GO:0030097",0.191,2,2,"negative regulation of apoptotic process involved in outflow tract morphogenesis","hemopoiesis",FALSE,TRUE
